S.no.,Name of State,Name of District,Recharge from rainfall During Monsoon Season,Recharge from other sources During Monsoon Season,Recharge from rainfall During Non Monsoon Season,Recharge from other sources During Non Monsoon Season,Total Annual Ground Water Recharge,Total Natural Discharges,Annual Extractable Ground Water Resource,Current Annual Ground Water Extraction For Irrigation,Current Annual Ground Water Extraction For Domestic & Industrial Use,Total Current Annual Ground Water Extraction,Annual GW Allocation for Domestic Use as on 2025,Net Ground Water Availability for future use,Stage of Ground Water Extraction (%)
1,ANDHRA PRADESH,Anantapur,89200.23,46136.12,1013.97,50415.31,186765.62,9338.31,177427.31,142953.85,14884.94,157838.79,21623.75,59410.09,88.96
2,ANDHRA PRADESH,Chittoor,115718.55,32389.6,1204.19,38028.6,187340.94,9367.06,177973.88,95256.5,9597.29,104853.79,13528.83,80858.36,58.92
3,ANDHRA PRADESH,East Godavari,104140.05,95383.56,3714.55,50847.53,254085.69,12704.33,241381.36,41688.32,9418.15,51106.47,4226.85,193656.03,21.17
4,ANDHRA PRADESH,Guntur,52942.86,57011.9,2547.96,18800.39,131303.1,6565.15,124737.95,39174.72,8942.35,48117.07,14159.1,79051.91,38.57
5,ANDHRA PRADESH,Kadapa,93311.68,15869.52,2048.53,11177.61,122407.34,6120.4,116286.94,74888.06,4974.42,79862.47,6110.25,56568.63,68.68
6,ANDHRA PRADESH,Krishna,52891.68,70806.39,21641.6,17375.91,162715.57,8135.8,154579.78,47223.03,9772.8,56995.83,7402.78,98790.07,36.87
7,ANDHRA PRADESH,Kurnool,90024.09,43892.8,1203.46,26774.23,161894.57,8094.75,153799.81,53291.48,11008.68,64300.17,16377.9,94278.99,41.81
8,ANDHRA PRADESH,Nellore,128089.98,46637.76,5.16,93668.83,268401.73,13420.14,254981.59,90301.92,6408.13,96710.05,11024.36,159531.34,37.93
9,ANDHRA PRADESH,Prakasam,39372.56,26669.85,56344.85,36593,158980.26,7949.05,151031.21,54372.39,10257.26,64629.64,17557.06,94941.54,42.79
10,ANDHRA PRADESH,Srikakulam,34847.68,35719.34,17837.37,19681.53,108085.91,5404.34,102681.56,40762.37,8747.99,49510.36,17007.28,63919.93,48.22
11,ANDHRA PRADESH,Visakhapatnam,61906.83,10809.63,6823.31,2690.68,82230.45,4538.54,77691.9,12608.08,6496.48,19104.57,7980.54,59560.86,24.59
12,ANDHRA PRADESH,Vizianagaram,59226.39,21945.67,6795.38,17486.23,105453.67,5272.77,100180.9,20595.54,511.42,21106.97,4922,77587.51,21.07
13,ANDHRA PRADESH,West Godavari,74662.56,58478.66,48.11,58931.01,192120.35,9606.03,182514.32,71924.15,3642.89,75567.04,6028.8,113241.04,41.4
14,ARUNACHAL PRADESH,Anjaw,NA,NA,NA,NA,NA,NA,NA,NA,0,NA,NA,NA,NA
15,ARUNACHAL PRADESH,Changlang,12375.64,696,13629.49,71.16,26772.29,2849.44,23922.85,0,174,174,571.87,23350.98,0.73
16,ARUNACHAL PRADESH,Dibang Valley,NA,NA,NA,NA,NA,NA,NA,NA,0,NA,NA,NA,NA
17,ARUNACHAL PRADESH,East Kameng,7281.63,233,2413.44,0,9928.07,992.81,8935.26,0,25,25,169.06,8766.2,0.28
18,ARUNACHAL PRADESH,East Siang,56206.01,5327,20135.02,670.93,82338.96,13307.12,69031.84,0,65,65,176.16,68855.68,0.09
19,ARUNACHAL PRADESH,Kurung Kumey,NA,NA,NA,NA,NA,NA,NA,NA,0,NA,NA,NA,NA
20,ARUNACHAL PRADESH,Lohit,55018.3,2311,31078.96,0,88408.26,8840.83,79567.43,0,218.48,218.48,666,78900.96,0.27
21,ARUNACHAL PRADESH,Lower Dibang Valley,39162.24,1749,20240.3,0,61151.54,6115.15,55036.39,0,32,32,62.4,54973.98,0.06
22,ARUNACHAL PRADESH,Lower Subansiri,1358.9,1227,729.69,78.74,3394.33,738.65,2655.68,0,18,18,105.2,2550.48,0.68
23,ARUNACHAL PRADESH,Papum Pare,6076.25,1950,3165.94,3.53,11195.72,1449.26,9746.46,0,99.4,99.4,492.34,9239.72,1.02
24,ARUNACHAL PRADESH,Tawang,NA,NA,NA,NA,NA,NA,NA,NA,0,NA,NA,NA,NA
25,ARUNACHAL PRADESH,Tirap,5204.06,819,1866.92,0,7889.98,394.5,7495.48,0,63,63,135.25,7360.23,0.84
26,ARUNACHAL PRADESH,Upper Siang,NA,NA,NA,NA,NA,NA,NA,NA,0,NA,NA,NA,NA
27,ARUNACHAL PRADESH,Upper Subansiri,103.31,912,42.45,0,1057.76,105.78,951.98,0,16,16,107.25,844.74,1.68
28,ARUNACHAL PRADESH,West Kameng,2976.01,318,668.99,0,3963,396.3,3566.7,0,11.72,11.72,30.26,3535.72,0.33
29,ARUNACHAL PRADESH,West Siang,3148.38,2126,1125.57,0,6399.95,640,5759.95,0,21.9,21.9,43.72,5715.34,0.38
30,ASSAM,Baksa,92583.69,1652.06,28843.21,1256.04,124335,17309.64,107025.37,2548.56,2558.8,5107.36,2970.09,101465.32,4.77
31,ASSAM,Barpeta,110295.03,2216.29,26788.85,7861.3,147161.47,8293.48,138867.99,24276,4407.4,28683.4,5158.32,109421.07,20.66
32,ASSAM,Bongaigaon,43080.26,1088.59,14971.04,3252.26,62392.15,3807.16,58584.99,10024.56,1996.55,12021.11,2286.71,46236.65,20.52
33,ASSAM,Cachar,57788.78,1223.79,36771.75,1418.09,97202.41,40846.83,56355.58,0,4628.94,4628.94,5262.84,50985.94,8.21
34,ASSAM,Chirang,67557.61,1956.57,26339.72,627.49,96481.38,9648.14,86833.24,1522.08,1170.95,2693.03,1279.67,84031.49,3.1
35,ASSAM,Darrang,44493.56,2048.29,17536.82,5974.18,70052.85,14966.88,55085.97,15469.44,2365.16,17834.6,2703.49,36839.32,32.38
36,ASSAM,Dhemaji,173356.96,296.11,39037.38,616.18,213306.63,27923.94,185382.68,1631.28,1618.94,3250.22,1851.97,181874.23,1.75
37,ASSAM,Dhubri,94570.56,2012.96,24694.29,6935.06,128212.87,12821.29,115391.58,23570.4,4715.35,28285.75,5648.33,86172.85,24.51
38,ASSAM,Dibrugarh,121093.52,513.27,48314.08,1614.29,171535.16,22447.18,149087.98,4890.48,3462.75,8353.23,3571.33,140417.47,5.6
39,ASSAM,Dima Hasao,1685.89,531.66,2107.09,131.74,4456.37,445.64,4010.74,337.68,494.7,832.38,543.87,3123.19,20.75
40,ASSAM,Goalpara,69946.47,1721.96,24384.58,3473.62,99526.63,15640.36,83886.27,9866.64,2292.6,12159.24,2703.66,71307.97,14.49
41,ASSAM,Golaghat,81499.92,1472.98,35673.68,1444.32,120090.9,16479.52,103611.38,3677.52,1980.97,5658.49,2067.86,97757.82,5.46
42,ASSAM,Hailakandi,17628.82,852.67,12101.28,1407.83,31990.6,11227.67,20762.93,5.04,1020.45,1025.49,1019.71,19586.39,4.94
43,ASSAM,Jorhat,71479.54,698.57,36102.78,1526.48,109807.38,24025.37,85782,4215.12,2279.33,6494.45,2398.33,79116.95,7.57
44,ASSAM,Kamrup,61672.48,2243.34,25759.62,6174.53,95849.96,16039.84,79810.13,20144.88,3966.07,24110.95,3892.27,55258.35,30.21
45,ASSAM,Kamrup Metro (Rural),17327.69,487.97,7237.5,944.65,25997.81,3664.46,22333.35,1537.2,1544.84,3082.04,324.25,19209.27,13.8
46,ASSAM,Kamrup Metro (U),5076.1,769.75,2120.21,1571.58,9537.64,2958.7,6578.94,0,2982.74,2982.74,1782.24,3572.7,45.34
47,ASSAM,Karbi Anglong,27629.74,4865.69,10678.3,778.14,43951.87,14506.81,29445.06,342.72,1062.26,1404.98,957.57,27920.37,4.77
48,ASSAM,Karimganj,32091.37,785.15,26112.55,891.83,59880.9,12030.56,47850.34,80.64,1255.29,1335.93,1454.08,46295.22,2.79
49,ASSAM,Kokrajhar,187662.43,1847.76,46828.25,1905.09,238243.53,40644.34,197599.19,5913.6,622.33,6535.93,649.54,191036.05,3.31
50,ASSAM,Lakhimpur,90950.92,513.78,27460.03,1292.4,120217.12,6656.32,113560.8,3044.16,2461.34,5505.5,2763.82,107715.92,4.85
51,ASSAM,Morigaon,42631.34,1102.5,12067.25,3418.57,59219.66,15542.91,43676.75,10777.2,2529.02,13306.22,2972.72,29897.9,30.47
52,ASSAM,Nagaon,90955.7,3279.08,29182.99,9128.92,132546.69,7715.41,124831.28,26891.76,7528.91,34420.67,8626.62,89105.22,27.57
53,ASSAM,Nalbari,36992.74,912.51,12882.88,2811.29,53599.41,19686.46,33912.95,7153.44,1561.72,8715.16,1704.8,25045.54,25.7
54,ASSAM,Sivasagar,69613.93,565.19,27055.33,1004.37,98238.82,43000.4,55238.42,2437.68,2973.66,5411.34,3064.83,49606.31,9.8
55,ASSAM,Sonitpur,153397.89,1568.99,53380.03,2918.99,211265.91,23537.63,187728.28,8611.68,6021.04,14632.72,5699.88,172455.05,7.79
56,ASSAM,Tinsukia,121394.33,469.78,51609.72,1538.84,175012.67,6709.39,168303.29,4033.68,3556.21,7589.89,3829.26,160285.02,4.51
57,ASSAM,Udalguri,37653.44,5576.43,22261.25,1602.76,67093.88,2958.72,64135.16,4467.12,2279.87,6746.99,2065.36,57236.98,10.52
58,BIHAR,Araria,68115.68,5490.17,23116.63,2253.9,98976.38,7096.03,91880.35,11922.9,6109.18,18032.08,5183.95,73848.23,19.63
59,BIHAR,Arwal,12851.81,4814.68,1563.54,3241.27,22471.3,1275.82,21195.48,6339.79,1833.44,8173.23,1425.81,13022.22,38.56
60,BIHAR,Aurangabad,72714.15,10049.92,12734.88,8267.84,103766.79,5188.34,98578.45,20499.58,5720.93,26220.51,4426.7,72357.9,26.6
61,BIHAR,Banka,30603.57,8460.49,6122.18,4660.01,49846.25,3010.68,46835.57,11808.54,4386.66,16195.2,3584.41,30658.22,34.58
62,BIHAR,Begusarai,44390.79,6438.5,4751.7,15894.35,71475.34,7147.53,64327.81,26045.4,7604.38,33649.78,5862.49,30677.92,52.31
63,BIHAR,Bhabhua,59233.91,14993.94,3682.25,20846.79,98756.89,8855.56,89901.33,25513.2,4323.31,29836.51,2893.2,60064.77,33.19
64,BIHAR,Bhagalpur,60365.06,3006.16,8725.8,3404.01,75501.03,5009.15,70491.88,13838,5529.83,19367.83,4480.55,51123.98,27.48
65,BIHAR,Bhojpur,55130.76,17566.73,3058.45,17998.66,93754.6,9011.57,84743.03,40226.48,7199.1,47425.58,4871.23,37317.37,55.96
66,BIHAR,Buxar,30439.74,17328.23,2182.74,15881.84,65832.55,6583.26,59249.3,26289,4253.28,30542.28,2781.88,28706.97,51.55
67,BIHAR,Darbhanga,54719.49,13978.6,10699.34,16416.13,95813.56,7831.49,87982.07,20754.3,9312.23,30066.53,7743.63,57915.45,34.17
68,BIHAR,East Champaran,92005.72,23656.96,15607.44,14524.88,145795,12085.98,133709.02,44138.44,11855.79,55994.23,9087.7,77714.64,41.88
69,BIHAR,Gaya,80826.07,8504.1,14017.31,12027.57,115375.05,7534.19,107840.86,59207.33,11697.34,70904.67,8130.99,38745.06,65.75
70,BIHAR,Gopalganj,50922.1,15962.57,5863.56,16551.23,89299.46,7474.14,81825.32,52663.2,7420.54,60083.74,4520.71,23024.45,73.43
71,BIHAR,Jamui,30260.9,3479.48,2260.92,4315.43,40316.73,3365.3,36951.43,8131.51,3674.51,11806.02,3074.42,25145.36,31.95
72,BIHAR,Jehanabad,21152.49,3968.81,1805.45,8343.55,35270.3,2903.71,32366.59,27537.99,3438.59,30976.58,1940.81,2280.46,95.71
73,BIHAR,Katihar,82157.68,7797.79,11091.52,8793.29,109840.28,9686.62,100153.66,55644.33,8177.77,63822.1,5102.41,36331.5,63.72
74,BIHAR,Khagaria,38532.68,5090.31,3974.6,28655.65,76253.24,7625.32,68627.92,18258.48,3935.18,22193.66,2860.13,46434.23,32.34
75,BIHAR,Kishanganj,59622.24,1001.98,16093.09,2230.2,78947.51,7894.75,71052.76,11648.7,3715.82,15364.52,2947.46,55688.2,21.62
76,BIHAR,Lakhisarai,21916.4,5238.04,1686.96,3331.36,32172.76,3217.28,28955.48,6478.48,2168.43,8646.91,1729.15,20659,29.86
77,BIHAR,Madhepura,38398.84,7157.06,8821.12,10202.9,64579.92,4107.62,60472.3,29938.95,5298.5,35237.45,3586.48,25234.8,58.27
78,BIHAR,Madhubani,75981.86,17619.79,9595.41,13937.27,117134.33,11216.47,105917.86,29360.7,9527.88,38888.58,7632.42,67029.18,36.72
79,BIHAR,Munger,25119.64,5925.68,1741.87,4647.44,37434.63,3239.02,34195.61,8305.8,2994.2,11300,2401.24,22988.52,33.05
80,BIHAR,Muzaffarpur,65578.77,19895.06,9378.41,24801,119653.24,9537.66,110115.58,62215.71,12168.96,74384.67,8517.04,36390.05,67.55
81,BIHAR,Nalanda,50252.21,11209.91,6604.69,20515.03,88581.84,8325.91,80255.93,47302.64,7943.75,55246.39,5217.06,25190.6,68.84
82,BIHAR,Nawada,41340.26,7047.17,3921.06,10570.99,62879.48,4771.66,58107.82,26098.05,4666.67,30764.72,3150.74,27342.98,52.94
83,BIHAR,Patna,68567.74,9290.91,9689.58,12754.29,100302.52,7147.66,93154.86,42572.72,13373.5,55946.22,10340.92,37411.34,60.06
84,BIHAR,Purnia,80325.57,3941.22,28554.42,4335.13,117156.34,6445.5,110710.84,52635.73,8493.22,61128.95,5527.68,49581.82,55.21
85,BIHAR,Rohtas,87894.68,12299.81,10245.26,5240.61,115680.36,10092.11,105588.25,19053.39,6597.77,25651.16,5296.95,79936.95,24.29
86,BIHAR,Saharsa,38572.31,4997.73,6107.21,4159.38,53836.63,3340.89,50495.74,16507.2,4100.48,20607.68,3103.05,29888.01,40.81
87,BIHAR,Samastipur,57602.36,27253.08,12853.22,36126.18,133834.84,7837.77,125997.07,49445.7,10094.13,59539.83,7225.88,66457.14,47.25
88,BIHAR,Saran,59443.26,10320.09,6265.22,11768.1,87796.67,5840.87,81955.8,42716.7,9481.13,52197.83,6929.46,29757.9,63.69
89,BIHAR,Sheihkpura,14400.81,2865.05,1937.21,4133.93,23337,1618.18,21718.82,6720.9,1609.62,8330.52,1188.88,13388.26,38.36
90,BIHAR,Sheohar,12124.72,1311.34,109.15,895.03,14440.24,1338.04,13102.2,6048,1544.74,7592.74,1172.87,5509.43,57.95
91,BIHAR,Sitamarhi,55703.5,7025.21,2533.52,4967.33,70229.56,4806.39,65423.17,22680.86,7349.44,30030.3,5876.09,35392.79,45.9
92,BIHAR,Siwan,45698.33,23943.23,4768.49,19838.17,94248.22,5959.42,88288.8,42117.26,8036.56,50153.82,5617.81,38134.89,56.81
93,BIHAR,Supaul,53625.57,11013.31,18893.06,8670.44,92202.38,6509.85,85692.53,25006.95,5253.79,30260.74,3790.76,55431.73,35.31
94,BIHAR,Vaishali,47520.05,12004.78,6996.69,10363.93,76885.45,6951.47,69933.98,35099.18,8458.45,43557.63,6338.43,26764.35,62.28
95,BIHAR,West Champaran,98972.51,22636.52,16150.1,33960.02,171719.15,10723.12,160996.03,27144.2,9152.99,36297.19,7359.06,124698.75,22.55
96,CHATTISGARH,Balod,17178.84,7717.07,0,9938.71,34834.62,2713.76,32120.86,18571.03,2238.51,20809.54,2290.93,11090.46,64.79
97,CHATTISGARH,Baloda Bazar,35270.94,15185.95,3199.33,6853.85,60510.07,6051.02,54459.05,17672.41,4141.52,21813.93,5427.57,31348.53,40.06
98,CHATTISGARH,Balrampur,47125.34,1471.44,4687.57,3158.93,56443.28,5176.26,51267.02,14188.27,1825.95,16014.22,2110.62,34968.13,31.24
99,CHATTISGARH,Bastar,25306.64,725.98,4795.7,1639.88,32468.2,2840.24,29627.96,5618.18,2116.04,7734.22,2347.48,21621.62,26.1
100,CHATTISGARH,Bemetara,16646.26,12525.56,0,13977.93,43149.75,4314.97,38834.78,28286.77,2028.02,30314.79,2533.94,7969.48,78.06
101,CHATTISGARH,Bijapur,34518.65,188.02,4178.56,562.23,39447.46,3944.74,35502.72,1874.06,620.63,2494.7,689.28,32938.55,7.03
102,CHATTISGARH,Bilaspur,30466.89,7457.13,4692.02,7166.4,49782.44,4104.52,45677.92,17798.32,6119.32,23917.64,7028.27,20327.51,52.36
103,CHATTISGARH,Dantewara,17272.01,139.37,2803.05,931.39,21145.82,1229.05,19916.77,2138.23,694.31,2832.54,758.4,17019.83,14.22
104,CHATTISGARH,Dhamtari,22019.95,9720,0,11625.92,43365.87,4336.6,39029.27,22854.81,2038.64,24893.45,2139.5,13945.24,63.78
105,CHATTISGARH,Durg,13509.67,8420.75,0,9118.98,31049.4,3104.95,27944.45,17603.39,5465.05,23068.44,5023.17,5250.29,82.55
106,CHATTISGARH,Gariaband,23545.16,5157.24,0,5176.9,33879.3,2515.75,31363.55,14842.44,1511.78,16354.22,1761.03,14757.02,52.14
107,CHATTISGARH,Janjgir-Champa,20152.44,12117.48,3371.19,8242.38,43883.49,3812.24,40071.25,14528.66,4395.31,18923.97,4892.86,20425.23,47.23
108,CHATTISGARH,Jashpur,29183.09,1767.82,4870.86,3611.92,39433.69,3756.96,35676.73,11849.74,2095.23,13944.96,2271.17,21515.61,39.09
109,CHATTISGARH,Kanker,54666.14,2496.52,6636.56,7856.15,71655.37,5354.7,66300.67,19918.75,1851.17,21769.92,2086.98,44291.49,32.84
110,CHATTISGARH,Kawardha,30865.93,4509.37,3942.86,7713.21,47031.37,3980.18,43051.19,25294.34,2223.17,27517.51,2633.37,15076.45,63.92
111,CHATTISGARH,Kondagaon,27838.8,737.34,4654.5,2180.35,35410.99,2827.77,32583.22,11238.13,1428.63,12666.76,1610.41,19732.7,38.88
112,CHATTISGARH,Korba,31116.19,922.18,4089.97,2007.9,38136.24,3156.15,34980.09,8159.85,4379.07,12538.91,3710.71,21923.8,35.85
113,CHATTISGARH,Koriya,40415.7,4134.58,3332.6,2360.19,50243.07,4453.16,45789.91,7799.24,1659.71,9458.95,1783.71,36178.96,20.66
114,CHATTISGARH,Mahasamund,46341.27,6775.73,1267.56,11414.38,65798.94,5666.58,60132.36,33144.4,2621.26,35765.66,2964.64,23990.11,59.48
115,CHATTISGARH,Mungeli,10758.94,2915.44,0,3051.8,16726.18,1599.61,15126.57,6591.88,1629.55,8221.43,2415.75,6117.5,54.35
116,CHATTISGARH,Narayanpur,22556.28,264.34,3730.18,483.08,27033.88,1779.69,25254.19,643.2,343.97,987.17,383.57,24227.42,3.91
117,CHATTISGARH,Raigarh,31007.68,3601.55,5198.26,4941.12,44748.61,3581.88,41166.73,16093.58,4198.77,20292.35,4318.72,20327.56,49.29
118,CHATTISGARH,Raipur,20050.78,10717.93,626.47,11424.75,42819.93,4108.58,38711.35,17410.21,6839.51,24249.72,7555.95,13657.07,62.64
119,CHATTISGARH,Rajnandgaon,38627.31,11790.79,4412.1,15313.75,70143.95,6200.37,63943.58,32625,4304.56,36929.55,5171.94,26039.09,57.75
120,CHATTISGARH,Sukma,31231.09,321.43,0,433.56,31986.08,2861.89,29124.19,890.28,587.34,1477.62,627.3,27606.61,5.07
121,CHATTISGARH,Surajpur,27781.65,2491.15,2184.18,8362.53,40819.51,3253.73,37565.78,18359.7,1957.13,20316.82,2221.79,16979.21,54.08
122,CHATTISGARH,Surguja,36072.42,1530.27,3522.68,4168.22,45293.59,3756.23,41537.36,12120.05,2098.38,14218.42,2364.64,27047.9,34.23
123,DELHI,Central Delhi,711.25,1291.95,129.85,407.58,2540.62,164.39,2376.23,189.51,1731.5,1921.01,1984.84,292.4,80.84
124,DELHI,East Delhi,147.76,182.52,34.44,1133.1,1497.83,113.37,1384.46,690,811.5,1501.5,817.63,4.34,108.45
125,DELHI,New Delhi,1852.76,191.09,371,1014.21,3429.06,212.43,3216.63,955.13,4172.89,5128.02,4046.05,0,159.42
126,DELHI,North Delhi,3431.32,1113.28,750.2,4304.94,9599.74,479.99,9119.76,1868.23,5792.21,7660.44,6729.57,913.93,84
127,DELHI,North East Delhi,284.26,366.58,60.97,355.43,1067.24,89.56,977.68,329.01,821.38,1150.39,964.82,0,117.66
128,DELHI,North West Delhi,1475.87,1159.92,260.26,1275.96,4172.01,208.6,3963.41,711.59,2048.86,2760.45,2245.11,978.15,69.65
129,DELHI,Shahdara,274.56,64.06,58.8,225.04,622.47,58.61,563.86,57.36,884.24,941.6,930.15,0,166.99
130,DELHI,South Delhi,1454.8,31.39,303.24,129.05,1918.48,111.89,1806.59,466.71,4137.8,4604.51,4115.11,0,254.87
131,DELHI,South East Delhi,841.64,367.97,190.59,307.09,1707.29,142.42,1564.87,1426.64,1852.46,3279.1,2043.82,0,209.54
132,DELHI,South West Delhi,1435.54,173.17,299.49,472.1,2380.29,238.03,2142.27,2075.54,2407.11,4482.64,2481.72,0,209.25
133,DELHI,West Delhi,887.29,380.75,189.89,1068.2,2526.14,126.31,2399.83,283.79,1876.84,2160.63,2049.22,8,90.03
134,DELHI,Non Revenue Unit,45.16,516.16,77.52,0,638.85,63.88,574.96,0,400,400,472.35,102.61,69.57
135,GOA,North Goa,9981.48,2401.94,0,3654.35,16037.77,6415.11,9622.66,1009.71,1847.14,2856.85,2037.45,4728.36,29.69
136,GOA,South Goa,9014.06,130.41,644.26,895.84,10684.57,4273.83,6410.74,1048.14,1466.37,2514.51,1631.79,2264.45,39.22
137,GUJARAT,Ahmedabad,39237.37,8763.67,0,9845.43,57846.47,2892.32,54954.15,35902.2,3671.97,39574.17,3974,14527.39,72.01
138,GUJARAT,Amreli,104008.67,11261.72,0,10873.04,126143.43,6307.17,119836.26,70915.6,2344.18,73259.78,2600,45969.04,61.13
139,GUJARAT,Anand,31573.68,16408.41,0,19793.63,67775.72,3388.79,64386.93,24645.9,3410.7,28056.6,3774,35455.75,43.57
140,GUJARAT,Arvalli,54198,6755.21,0,5954.55,66907.76,3345.39,63562.37,34789.5,1699.62,36489.12,1935,26582.93,57.41
141,GUJARAT,Banaskantha,108741.52,25708.07,0,13117.87,147567.45,7378.37,140189.08,153015.9,4476.37,157492.27,4842,11310.77,112.34
142,GUJARAT,Bharuch,38578.52,4518.91,0,10364.94,53462.37,2673.12,50789.25,15136.7,1738.53,16875.23,2813,32579.11,33.23
143,GUJARAT,Bhavnagar,60632.36,12108.87,0,9220.02,81961.26,4098.06,77863.2,43098.3,3253.53,46351.83,4659,29617.87,59.53
144,GUJARAT,Botad,30879.16,3699.19,0,2892.38,37470.73,1873.54,35597.2,21385.1,995.31,22380.41,1237,12825.8,62.87
145,GUJARAT,Chhota udepur,19160.21,7323.5,0,9142.76,35626.48,1781.32,33845.15,14573.4,1688.53,16261.93,1991,17027.47,48.05
146,GUJARAT,Dahod,22691.52,11277.61,0,7515.52,41484.65,2074.23,39410.42,14643.2,3429,18072.2,4232,20020.5,45.86
147,GUJARAT,Dang,5165.87,3371,0,37,8573.87,429,8144.87,610,386.8,996.8,455,7021.77,12.24
148,GUJARAT,Devbhumi Dwarka,25540.11,3310.52,0,1593.56,30444.19,1522.71,28921.48,17533.8,1061.71,18595.51,1370,9858.42,64.3
149,GUJARAT,Gandhinagar,40861.21,5888.93,0,2731.67,49481.81,2474.09,47007.72,51114,2263.7,53377.7,2498,0,113.55
150,GUJARAT,Gir Somnath,42519.05,4047.36,0,5192.14,51758.55,2587.93,49170.62,28808.8,1314.78,30123.58,3512,16652.61,61.26
151,GUJARAT,Jamnagar,65638.79,10361.18,0,3283.57,79283.53,3964.18,75319.35,45686.9,1970.47,47657.37,2561,26775.88,63.27
152,GUJARAT,Junagadh,87552,8136.66,0,8463.15,104151.81,5207.59,98944.22,61232.55,2334.31,63566.86,2733,34628.52,64.25
153,GUJARAT,Kachchh,58705.32,16242.9,0,13220.84,88169.06,4408.46,83760.6,68013.5,2235.48,70248.98,3918,13896.67,83.87
154,GUJARAT,Kheda,36371.57,16751.15,0,17054.67,70177.39,3508.91,66668.48,29286.4,3270.14,32556.54,3714,33177.03,48.83
155,GUJARAT,Mahesana,88305.48,14832.34,0,11801.91,114939.73,5746.99,109192.75,122279.1,3117.39,125396.49,3383,900.7,114.84
156,GUJARAT,Mahisagar,22394.94,6526.39,0,8122.51,37043.84,1852.19,35191.65,11979.5,1651.7,13631.2,1879,21086.45,38.73
157,GUJARAT,Morbi,48353.66,4433.05,0,5808.7,58595.41,2929.77,55665.64,32588.8,1135.66,33724.46,1713,21193.49,60.58
158,GUJARAT,Narmada,11503.5,6541.31,0,7131.91,25176.72,1258.84,23917.88,3660.7,971.07,4631.77,1092,19020.22,19.37
159,GUJARAT,Navsari,42109.58,6218.27,0,11908.61,60236.46,3011.82,57224.63,18422.5,2121.3,20543.8,2272,36211.93,35.9
160,GUJARAT,Panchmahal,19945.37,11806.93,0,10516.55,42268.85,2113.45,40155.39,11934.5,2742.92,14677.42,3148,24660.59,36.55
161,GUJARAT,Patan,21368.79,12197.66,0,6706.27,40272.71,2013.64,38259.07,37697.5,869.13,38566.63,968,611.05,100.8
162,GUJARAT,Porbandar,18217.6,2421.58,0,1110.83,21750.01,1087.5,20662.51,14175,563.14,14738.14,1013,5413.36,71.33
163,GUJARAT,Rajkot,115745.68,23899.65,0,16908.43,156553.76,7827.69,148726.07,93071.3,2884.45,95955.75,3444,51777.66,64.52
164,GUJARAT,Sabarkantha,64747.17,15500.67,0,9100.1,89347.95,4467.4,84880.55,57122.9,2332.41,59455.31,2655,24752.79,70.05
165,GUJARAT,Surat,77719.11,22063.19,0,26612.3,126394.6,6319.73,120074.87,28865.2,3976,32841.2,4572,86042.67,27.35
166,GUJARAT,Surendranagar,58510.53,9432.18,0,3791.58,71734.29,3586.71,68147.58,38159,1417.4,39576.4,2808,26968.04,58.07
167,GUJARAT,Tapi,30889.34,6821.91,0,6458.35,44169.6,2208.48,41961.12,16672.9,1313.24,17986.14,1449,23641.66,42.86
168,GUJARAT,Vadodara,68427.99,12374.88,0,21135.1,101937.97,5096.9,96841.08,52570,3506.76,56076.76,2530,41215.16,57.91
169,GUJARAT,Valsad,35142.63,8833.86,0,4173.55,48150.03,2407.97,45742.06,14504.4,3481.62,17986.02,4491,26223.54,39.32
170,HARYANA,Ambala,29740,10435,9196,7133,56504,5650,50854,36060.44,15075,51135.44,10110,7487.45,100.55
171,HARYANA,Bhiwani,17014.41,12614.35,3154.56,12526.21,45309.53,4530.9,40778.63,45012,2705,47717,2796,3604.59,117.01
172,HARYANA,Charki Dadri,9974.6,2981.02,2234.87,3378.89,18569.38,1856.94,16712.44,25307,1368.2,26675.2,1398,2274.5,159.61
173,HARYANA,Faridabad,5403,3317,3036,4621,16377,1638,14739,12691,5860,18551,1995,0,125.86
174,HARYANA,Fatehabad,14233.31,23523.82,3127.34,23102.09,63986.56,6398.6,57587.96,92158,806,92964,1253,123.84,161.43
175,HARYANA,Gurugram,11805,1671,4468,3252,21196,2119,19077,21920,20202,42122,4676,0,220.8
176,HARYANA,Hisar,21269.77,17978.51,4834.7,26968.46,71051.44,7105.15,63946.29,65218,1052,66270,974,7248.29,103.63
177,HARYANA,Jhajjar,11539.54,10634.94,3321.68,12606.1,38102.26,3810.23,34292.03,20620,552,21172,701,12892.03,61.74
178,HARYANA,Jind,17583.72,27872.43,9836.8,32166.17,87459.12,8745.9,78713.22,99849,2188,102037,2804,6927.32,129.63
179,HARYANA,Kaithal,16113,18821,5204,10949,51087,5109,45978,101969,2806,104775,2319,0,227.88
180,HARYANA,Karnal,28421,18858,5117,25226,77622,7763,69859,113464,5232,118696,3264,2463,169.91
181,HARYANA,Kurukshetra,15003.8,8190.31,5030.2,5022.79,33247.1,3324.31,29922.79,66729,6279,73008,3145,0,243.99
182,HARYANA,Mahendragarh,16708,2978,5214,6247,31147,3115,28032,23266,3033,26299,3496,6124,93.82
183,HARYANA,Mewat,8318,3709,4039,4779,20845,2085,18760,17595,1130,18725,1759,2746,99.81
184,HARYANA,Palwal,11362,15970,2393,22364,52089,5209,46880,47822,2320,50142,2167,0,106.96
185,HARYANA,Panchkula,9406,933,2569,672,13580,1357,12223,7199,1116,8315,1038,3909,68.03
186,HARYANA,Panipat,13030,7616,2589,9943,33178,3317,29861,54100,1972,56072,1904,0,187.78
187,HARYANA,Rewari,18174,5005,4334,15187,42700,4270,38430,29559,5520,35079,5507,5597,91.28
188,HARYANA,Rohtak,12743.28,9556.3,4746.8,10252.75,37299.13,3729.92,33569.21,18495,560,19055,2407,12624.89,56.76
189,HARYANA,Sirsa,26332.52,15090.78,3951.93,27095.55,72470.78,7247.08,65223.7,128027,856,128883,1775,0,197.6
190,HARYANA,Sonipat,17662.75,25961.6,6135.36,27497.04,77256.75,7725.67,69531.08,63622,3232,66854,3203,11710,96.15
191,HARYANA,Yamunanagar,24142,11624,8352,9305,53423,5342,48081,62427,13065,75492,12975,1636,157.01
192,HIMACHAL,Indora,7635.97,519.1,2556.12,1038.19,11749.38,1174.94,10574.44,6228.99,6994.67,13223.66,6994.67,481.54,125.05
193,HIMACHAL,Nurpur,9852.88,206.19,2289.39,412.38,12760.84,1276.08,11484.76,2474.22,1594.01,4068.23,2464,7150.58,35.42
194,HIMACHAL,Balh,1828.17,21.87,864.22,43.74,2758,277.92,2480.08,262.42,627.41,889.83,627.41,4709.11,35.88
195,HIMACHAL,Paonta,5464.68,40.6,1009.72,81.19,6596.19,659.62,5936.57,486.65,837.3,1323.95,4758.6,1143.51,22.3
196,HIMACHAL,Kala Amb,87.42,5.06,16.15,10.13,118.76,11.88,106.88,60.61,351,411.61,10194.8,0,385.11
197,HIMACHAL,Nalagarh,5565.52,209.82,1920.85,419.65,8115.84,811.58,7304.26,2509.96,6005.11,8515.07,6005.11,389.8,116.58
198,HIMACHAL,Una,2679.93,657.17,2689.81,1863.02,7889.93,788.99,7100.94,7885.88,2594.23,10480.11,2594.3,2569.71,147.59
199,HIMACHAL,Hum,417.55,5.44,120.03,44.87,587.89,58.79,529.1,326.09,73.38,399.47,326.09,0,75.5
200,J&K,Anantnag,9864.26,2186.24,10852.62,1417.71,24320.83,2432.08,21888.74,420.8,3664.44,4085.24,3626.64,17803.5,18.66
201,J&K,Kulgam,586.37,3115.84,643.68,1688.08,6033.96,603.4,5430.57,147.28,1679.54,1826.82,1650.38,3603.74,33.64
202,J&K,Pulwama,4094.65,3037.61,5602.13,1738.18,14472.58,1447.26,13025.32,252.29,3210.77,3463.06,3195.65,9562.27,26.59
203,J&K,Shopian,1176.36,1653.74,1609.45,1141.71,5581.26,558.13,5023.14,100.8,1363.04,1463.84,1336.04,3559.3,29.14
204,J&K,Srinagar,4603.95,2334.44,4958.58,1707.89,13604.86,1360.49,12244.37,662.26,3258.72,3920.98,3122.06,8323.4,32.02
205,J&K,Ganderbal,343.14,1241.96,369.58,1567.93,3522.61,352.26,3170.35,420.48,357.24,777.72,336.38,2392.63,24.53
206,J&K,Budgam,4459.39,3521.72,5429.76,4716.56,18127.42,1812.74,16314.68,662.26,4115.48,4777.74,4036.61,11536.94,29.28
207,J&K,Baramulla,18092.1,1781.47,11360.5,2381.86,33615.94,3361.59,30254.34,2112.91,6845.76,8958.67,5918.26,21295.68,29.61
208,J&K,Bandipora,806.2,1470.64,506.24,1869.59,4652.68,465.27,4187.41,367.92,1737.91,2105.83,1671.41,2081.58,50.29
209,J&K,Kupwara,6184.32,2828.72,4898.4,3678.86,17590.3,1759.03,15831.27,388.94,3167.58,3556.52,3132.58,12274.75,22.47
210,J&K,Leh,3305.79,16.12,6769.84,19.7,10111.46,1011.15,9100.31,89.86,1608.01,1697.87,1587.31,7402.45,18.66
211,J&K,Kargil,109.44,4.34,583.2,5.31,702.29,70.23,632.06,24.19,62.89,87.08,58.75,544.97,13.78
212,J&K,Jammu,21456.28,18681.78,12119.88,18729.59,70987.52,7098.75,63888.77,8201.16,11941.63,20142.79,9513.36,43745.98,31.53
213,J&K,Samba,5816.84,1032.1,3285.72,1405.12,11539.78,1153.98,10385.8,1419.12,1692.41,3111.53,1566.29,7274.27,29.96
214,J&K,Udhampur,412.82,331.31,3046.78,496.18,4287.09,428.71,3858.38,336.38,1160.9,1497.29,1019.66,2361.09,38.81
215,J&K,Reasi,66.14,294.78,488.11,450.25,1299.27,129.93,1169.34,178.7,546.62,725.33,494.06,444.02,62.03
216,J&K,Kathua,12143.32,6231.1,5756.7,7598.56,31729.68,3172.97,28556.71,2611.47,6370.27,8981.74,5350.61,19574.96,31.45
217,J&K,Doda,504.82,18.86,1880.21,23.05,2426.94,242.69,2184.25,105.12,574.74,679.86,557.14,1504.39,31.13
218,J&K,Kishtwar,428.33,5.65,1452.7,6.91,1893.59,189.36,1704.23,31.5,147.17,178.67,147.17,1525.56,10.48
219,J&K,Ramban,295.75,5.65,1101.54,6.91,1409.85,140.98,1268.86,31.5,112,143.5,94.5,1125.36,11.31
220,J&K,Rajouri,1819.72,307.42,1229.9,454.89,3811.94,381.19,3430.74,304.5,1121.26,1425.76,1103.76,2004.98,41.56
221,J&K,Poonch,2948.92,128.74,4051.75,157.34,7286.75,728.67,6558.07,717.5,1349,2066.5,17.5,4491.57,31.51
222,JHARKHAND,Bokaro,23143.61,626.87,1690.79,1502.56,26963.83,2358.64,24605.19,2200.25,9804.63,12004.88,6031.6,13516.96,48.79
223,JHARKHAND,Chatra,25140.17,753.86,1554.12,2670.89,30119.04,2532.65,27586.39,5917,2414.5,8331.5,1705.99,19254.81,30.2
224,JHARKHAND,Deoghar,15252.19,415.31,1019.55,1557.77,18244.82,1402.73,16842.09,4859.63,2255.88,7115.5,2055.95,9726.51,42.25
225,JHARKHAND,Dhanbad,16082.13,2032.64,1284.17,3474.36,22873.3,1509.08,21364.22,2414.5,13885.65,16300.15,3784.78,5732.1,76.3
226,JHARKHAND,Dumka,22916.01,459.81,1357.58,1823.19,26556.59,2221.28,24335.31,3690.75,2212.4,5903.15,2195.08,18432.14,24.26
227,JHARKHAND,East Singhbhum,21843.62,245.93,2294.08,976.04,25359.67,2368.18,22991.49,1301,3274.78,4575.78,2731.07,18415.65,19.9
228,JHARKHAND,Garhwa,25544.86,673.23,2144.45,2669.65,31032.19,2414.63,28617.56,5157.63,2121.29,7278.91,2117.91,21338.55,25.44
229,JHARKHAND,Giridih,41825.69,649.04,2293.74,2487.58,47256.05,3770.48,43485.57,6578.63,5008.87,11587.5,4254.41,31898,26.65
230,JHARKHAND,Godda,19014.46,258.68,1854.2,882.37,22009.71,1933.29,20076.42,1698.5,2482.25,4180.75,2171.27,15895.62,20.82
231,JHARKHAND,Gumla,42961.41,261.41,4712.07,1028.07,48962.96,4667.56,44295.4,3589.5,1686.42,5275.92,1677.75,39019.42,11.91
232,JHARKHAND,Hazaribagh,27943.34,838.42,2532.37,3049.52,34363.65,2783.94,31579.71,7238.25,3866.91,11105.16,3178.68,20474.48,35.17
233,JHARKHAND,Jamtara,8074.83,577.17,568.12,2302.74,11522.86,906,10616.86,2060.25,1229.08,3289.33,1225.01,7327.51,30.98
234,JHARKHAND,Khunti,12976.92,169.18,997.74,664.75,14808.59,1268.43,13540.16,2265,866.58,3131.58,859.74,10408.55,23.13
235,JHARKHAND,Koderma,7660.66,186.34,203.09,744.01,8794.1,745.72,8048.38,1947.38,1138.88,3086.26,1119.92,4962.08,38.35
236,JHARKHAND,Latehar,19579.37,546.62,1292.83,2114.29,23533.11,1789.93,21743.18,4948.5,1382.29,6330.79,1264.98,15412.35,29.12
237,JHARKHAND,Lohardaga,17146.98,147.31,1845.92,580.3,19720.51,1756.56,17963.95,1793.5,673.87,2467.37,673.91,15496.54,13.74
238,JHARKHAND,Pakur,11628.02,388.86,756.09,1546.81,14319.78,975.94,13343.84,1131.5,1530.68,2662.18,1509.9,10681.62,19.95
239,JHARKHAND,Palamau,30212.86,963.28,1523.56,3789.8,36489.5,2883.52,33605.98,6210,3427.12,9637.12,3280.41,23968.77,28.68
240,JHARKHAND,Ramgarh,9360.67,581.11,517.79,991.51,11451.08,1110.85,10340.23,1405.25,5887.73,7292.98,2741,3047.21,70.53
241,JHARKHAND,Ranchi,36519.48,670.1,2661.27,2420.04,42270.89,3448.89,38822,7897.88,5045.2,12943.07,3574.3,25878.83,33.34
242,JHARKHAND,Sahebganj,20486.4,377.01,1503.51,1495.73,23862.65,2357.72,21504.93,1147,2463.17,3610.17,2422.66,17894.72,16.79
243,JHARKHAND,Saraikela - Kharsawan,12283.03,363.38,968.91,1443.75,15059.07,1505.91,13553.16,739.5,1934.62,2674.12,1738.16,10879.01,19.73
244,JHARKHAND,Simdega,29535.04,102.44,2565.09,395.94,32598.51,2609.95,29988.56,1807,927.59,2734.59,927.65,27253.91,9.12
245,JHARKHAND,West Singhbhum,28105,390.68,3131,1543.73,33170.41,3030.68,30139.73,1527.5,2727.03,4254.53,2657.34,25885.13,14.12
246,KARNATAKA,Bagalkote,10477.24,21996.09,5949.99,15172.94,53596.26,4490.83,49105.42,43221.71,3190.55,46412.27,3939.92,8581.31,94.52
247,KARNATAKA,Ballari,20038.42,17031.85,13407.76,11495.3,61973.33,5740.2,56233.13,27270.44,2925.91,30196.35,3932.84,25555.72,53.7
248,KARNATAKA,Belagavi,24203.17,36407.35,10925.76,21458.54,92994.83,7194.77,85800.06,57186.82,8116.67,65303.5,10408.98,22234.42,76.11
249,KARNATAKA,Bengaluru Rural,10030.93,3217.15,4998.61,3266.05,21512.75,1592.11,19920.63,23137.08,1419.4,24556.48,1425.05,0,123.27
250,KARNATAKA,Bengaluru Urban,5636.04,2009.56,3623.57,2335.78,13604.94,840.18,12764.76,16997.34,1360.2,18357.55,1360.2,0,143.81
251,KARNATAKA,Bidar,28734.1,2149.88,3874.19,3696.44,38454.6,2342.54,36112.06,14144.38,1147.42,15291.8,1238.36,20729.31,42.35
252,KARNATAKA,Chamrajnagara,22352.92,7909.49,6062.49,4853.7,41178.59,2347.31,38831.29,29633.13,2467.16,32100.29,3414.34,7761.34,82.67
253,KARNATAKA,Chikballapur,12920.76,9415.14,7900.98,5591.41,35828.29,2950.87,32877.41,50906.69,3048.64,53955.34,3070.45,0,164.11
254,KARNATAKA,Chikkamagaluru,35855.69,12370.05,12862.31,8964.15,70052.19,12634.92,57417.27,26667.19,2348.65,29015.84,2601.71,29623.61,50.54
255,KARNATAKA,Chitradurga,17804.11,7332.88,15463.17,8238.35,48838.51,3487.69,45350.82,47969.25,4197.82,52167.07,4371.99,3971.29,115.03
256,KARNATAKA,Dakshin Kannada,37400.72,1763.57,7174.05,3108.93,49447.27,19715.44,29731.83,16068.17,2542.83,18611.01,2722.64,10941.01,62.6
257,KARNATAKA,Davangere,18077.32,15762.44,13696.62,23940.01,71476.39,5417.66,66058.73,58179.35,3244.98,61424.33,3867.82,8358.28,92.98
258,KARNATAKA,Dharwad,10790.5,4140.64,6235.62,3877.1,25043.85,4347.27,20696.58,11596.84,1097.57,12694.41,1584.83,7514.91,61.34
259,KARNATAKA,Gadag,6049.26,7504.44,6011.61,8600.05,28165.35,1770.87,26394.49,22175.82,1685.03,23860.85,2006.36,3397.35,90.4
260,KARNATAKA,Hassan,21453.38,27587.43,13069.44,18157.57,80267.82,8905.75,71362.06,42034.71,3197.52,45232.23,3809.85,27053.42,63.38
261,KARNATAKA,Haveri,12629.17,22914.69,9235.47,15745.02,60524.35,4781.69,55742.66,29402.17,2275.61,31677.78,2848.98,23491.5,56.83
262,KARNATAKA,Kalaburagi,37689.57,3108.96,9048.7,5122.77,54970,4201.28,50768.72,16805.85,3773.44,20579.29,4198.17,29764.7,40.54
263,KARNATAKA,Kodagu,22710.98,2532.31,9156.02,2454.16,36853.46,5517.76,31335.71,8829.55,1679.76,10509.3,2156.62,20349.54,33.54
264,KARNATAKA,Kolar,15936.03,8918.46,7515.11,9278.49,41648.09,2108.84,39539.25,78747.74,4793.06,83540.8,4793.06,0,211.29
265,KARNATAKA,Koppal,10628.83,18930.66,7018,22523.88,59101.37,4121.14,54980.23,29268,1850.02,31118.02,2342.43,23369.8,56.6
266,KARNATAKA,Mandya,11155.86,54173.08,7481.59,15549.24,88359.76,5690.33,82669.43,46594.47,2415.29,49009.75,4201.14,31873.82,59.28
267,KARNATAKA,Mysuru,27551.67,28487.71,12551.05,10004.29,78594.72,5471.1,73123.62,26747.49,10747.82,37495.31,13184.79,33191.34,51.28
268,KARNATAKA,Raichur,15046.91,19693.9,9152.18,31843.88,75736.86,5774.27,69962.6,27692.29,3025.89,30718.17,4779.57,37490.74,43.91
269,KARNATAKA,Ramanagara,6892.9,10549.34,7003.89,6668.95,31115.08,1425.34,29689.74,26876.22,1791.87,28668.09,1913.45,1384.74,96.56
270,KARNATAKA,Shivamogga,43623.92,28103.19,11424.19,18773.26,101924.56,13978.91,87945.65,27770.39,3033.88,30804.28,3693.71,56481.55,35.03
271,KARNATAKA,Tumakuru,22351.35,21430.05,20112,12412.3,76305.69,4773.92,71531.77,59684.29,5163.3,64847.59,5567.43,12049.52,90.66
272,KARNATAKA,Udupi,42595.58,1633.25,5995.48,1710.56,51934.87,20525.66,31409.21,9441.83,3706.56,13148.38,3962.1,18005.27,41.86
273,KARNATAKA,Uttar kannada,62185.34,22783.03,5611.27,6296.24,96875.89,35165.13,61710.76,21200.73,3598.95,24799.68,3865.27,36644.77,40.19
274,KARNATAKA,Vijayapura,29466.66,5399.38,9209.48,8791.73,52867.25,3958.55,48908.7,30057.84,3468.86,33526.7,4078.24,14772.62,68.55
275,KARNATAKA,Yadgir,16407.06,10756.21,5425.01,12015.25,44603.53,3260.46,41343.06,12366.11,1663.79,14029.9,2397.36,26579.59,33.94
276,KERALA,Alappuzha,25864.83,95.99,7090.63,10869,43920.45,3463.11,40457.33,3982.61,9682.15,13664.76,9505.93,26891.33,33.78
277,KERALA,Ernakulam,34333.66,359.69,7264.2,13545.26,55502.81,5550.28,49952.53,8862.61,13032.27,21894.88,14348.58,26741.34,43.83
278,KERALA,Idukki,15343.49,208.49,3275.63,1854.21,20681.82,2068.18,18613.64,6295.75,4570.29,10866.04,4557.61,7747.6,58.38
279,KERALA,Kannur,38938.74,0,0,6899.83,45838.56,4583.85,41254.71,8888.11,9897.26,18785.37,10553.89,21812.71,45.54
280,KERALA,Kasargod,26319.15,772.81,0,4658.31,31750.27,3175.03,28575.25,16450.76,6306.82,22757.58,6998.24,5176.3,79.64
281,KERALA,Kollam,23868.19,149.12,8949.21,3880.61,36847.12,3553.56,33293.56,5351.11,11115.17,16466.28,12810.14,15132.31,49.46
282,KERALA,Kottayam,27883.63,116.03,6607.36,7008.47,41615.49,4161.55,37453.94,5243.1,8360.61,13603.71,9246.09,22964.75,36.32
283,KERALA,Kozhikode,28333.75,168.91,4020.81,1489.48,34012.94,3401.29,30611.65,5078.46,12751.12,17761.63,14217.51,11315.67,58.02
284,KERALA,Malappuram,37390.3,355.78,5982.19,8553.02,52281.29,5228.13,47053.16,10113.27,21514.11,31627.38,25499.12,11440.78,67.22
285,KERALA,Palakkad,28693.26,770.96,6097.53,30153.58,65715.33,6571.55,59143.78,19420.79,13961.64,33238.72,14432.82,25106.52,56.2
286,KERALA,Pathanamthitta,18298.81,132.19,6343.97,3533.64,28308.61,2725.38,25583.23,3927.38,5521.15,9448.53,5521.15,16134.7,36.93
287,KERALA,Thiruvananthapuram,19598.91,246.64,6602.58,3037.03,29485.17,2514.7,26970.47,5429.26,11786.54,17215.8,12174.05,9367.15,63.83
288,KERALA,Thrissur,41301.19,923.56,5888.42,17113.35,65226.52,6178.17,59048.35,21348.86,12707.24,34056.1,13456.22,24243.27,57.67
289,KERALA,Wayanad,25034.74,31.29,0,670.79,25736.83,2573.68,23163.14,1665.46,4012.15,5677.61,3806.21,17374.67,24.51
290,MADHYAPRADESH,Agar,33210.85,2451.57,0,8723.77,44386.19,2219.31,42166.88,37652.02,1497.51,39149.53,1746.16,5474.79,92.84
291,MADHYAPRADESH,Alirajpur,17303.91,761.64,0,1599.22,19664.77,1385.62,18279.15,5781.41,2446.14,8227.55,2374.84,9755.98,45.01
292,MADHYAPRADESH,Anuppur,30420,101,5577.47,269,36367.47,1818,34549.47,1307,1447,2754,1469,31556.42,7.97
293,MADHYAPRADESH,Ashoknagar,31436.36,2198.44,0,8283.15,41917.95,2095.96,39821.99,20075.63,1790.3,21865.93,1907.83,17569.99,54.91
294,MADHYAPRADESH,Balaghat,79825,4033,8005.11,2732,94595.11,5077,89518.11,11760.05,3528.95,15289,3986,73242.72,17.08
295,MADHYAPRADESH,Barwani,43282.48,2592.54,0,28779.87,74654.89,3879.36,70775.53,35659.06,3334.2,38993.26,3620.9,31065.73,55.09
296,MADHYAPRADESH,Betul,87832.29,4914.79,15543.34,17950.96,126241.38,6569.6,119671.78,65907.71,3078.94,68986.65,3380.83,49921.41,57.65
297,MADHYAPRADESH,Bhind,58262.08,1354.22,2332.83,14175.95,76125.08,3806.22,72318.86,23214.79,2811.95,26026.74,3480.21,45202.07,35.99
298,MADHYAPRADESH,Bhopal,28779,4565,0,5604,38948,1947,37001,23462,2493,25955,2493,10672.05,70.15
299,MADHYAPRADESH,Burhanpur,31137.27,1167.14,0,5827.37,38131.78,2118.41,36013.37,22765.41,1437.19,24202.6,1590.32,11442.06,67.2
300,MADHYAPRADESH,Chhatarpur,80722.05,4192.27,0,18549.74,103464.06,4971.03,98493.03,57599.96,3173.96,60773.92,3499.38,36917.6,61.7
301,MADHYAPRADESH,Chhindwara,90989,3878,11903.79,12802,119572.79,6221,113351.79,58651,3924,62575,4272,49840.19,55.2
302,MADHYAPRADESH,Damoh,29884.61,2032.92,0,8963.43,40880.96,2597.49,38283.47,19581.66,2697.66,22279.32,3113.47,15183.69,58.2
303,MADHYAPRADESH,Datia,29126.08,755.83,0,6694.67,36576.58,1828.82,34747.76,12584.03,1371.07,13955.1,1454.96,20503.11,40.16
304,MADHYAPRADESH,Dewas,65191.87,3163.86,0,14705.92,83061.65,4316.48,78745.17,62446.51,3879.09,66325.6,4119.22,14017.33,84.23
305,MADHYAPRADESH,Dhar,82177,5498,0,32342,120017,6799.36,113217.64,73000.19,4988.38,77988.57,5934.85,40215.09,68.88
306,MADHYAPRADESH,Dindori,33793,122,4682.05,417,39014.05,2606,36408.05,2076,1633,3709,1908,32179.1,10.19
307,MADHYAPRADESH,Guna,69841.94,4281.77,0,13680.39,87804.1,4390.33,83413.77,43898.77,2226.02,46124.79,2672.3,36508.8,55.3
308,MADHYAPRADESH,Gwalior,51556,8152,1359,17709,78776,3939,74837,18890.59,3457.59,22348.18,4202,51225.77,29.86
309,MADHYAPRADESH,Harda,32120,2853,0,15692,50665,2533,48132,13795,1107,14902,1199,32971.95,30.96
310,MADHYAPRADESH,Hoshangabad,124441,11000,0,61145,196586,9804,186782,39817,1863,41680,2277,144408.55,22.31
311,MADHYAPRADESH,Indore,37608,7091,0,13193,57892,2895,54997,57544,6597,64141,7098,3143.9,116.63
312,MADHYAPRADESH,Jabalpur,58987,3628,1070,6659,70344,3521,66823,25607,2773,28380,2980,37820.05,42.47
313,MADHYAPRADESH,Jhabua,20865.68,792.98,0,2383.08,24041.74,1810.78,22230.96,10039.47,2682.79,12722.26,2870.1,8918.97,57.23
314,MADHYAPRADESH,Katni,30701,1768,0,4767,37236,1851,35385,13957,2507,16464,3318,17733.95,46.53
315,MADHYAPRADESH,Khandwa,52810.08,2736.45,0,51211.66,106758.19,5692.66,101065.53,40713.16,2650.66,43364.22,3334.75,56620.06,42.91
316,MADHYAPRADESH,Khargone,63680.41,3341.48,0,66590.74,133612.63,6908.6,126704.03,42281.12,3904.13,46185.25,4547.41,79300.92,36.45
317,MADHYAPRADESH,Mandla,44442.5,863.23,6575.45,3858.74,55739.92,5830,49909.92,6430,2437.3,8867.3,2835.51,40278.84,17.77
318,MADHYAPRADESH,Mandsaur,46559.88,2784.63,0,12095.16,61439.67,3071.98,58367.69,57087.86,3156.84,60244.7,3660.06,1695.81,103.22
319,MADHYAPRADESH,Morena,49923.96,970,0,20804,71697.96,3584,68113.96,19604,4620,24224,9536,38280.96,35.56
320,MADHYAPRADESH,Narsinghpur,104397.95,3255.17,0,16195.49,123848.61,6235.34,117613.27,72389.65,2112.12,74501.77,2232.21,42674.61,63.34
321,MADHYAPRADESH,Neemuch,30833.06,4035.45,0,8165.63,43034.14,2151.7,40882.44,34006.48,1742.04,35748.52,1876.26,4738.5,87.44
322,MADHYAPRADESH,Panna,41228.77,1014.41,0,5383.68,47626.86,2661.47,44965.39,14259.89,2150.97,16410.86,2721.22,27661.66,36.5
323,MADHYAPRADESH,Raisen,76591.69,3257.56,0,9480.92,89330.17,4466.46,84863.71,40757.16,3639.12,44396.28,3835.69,39725.05,52.31
324,MADHYAPRADESH,Rajgarh,71944.38,4439.74,0,12575.05,88959.17,4447.96,84511.21,66974.15,3565.53,70539.68,3666.63,13335.78,83.47
325,MADHYAPRADESH,Ratlam,58567.66,5881.47,0,20690.64,85139.77,4257,80882.77,99287.2,3135.97,102423.17,4613.04,2764.17,126.63
326,MADHYAPRADESH,Rewa,46107.2,2699.16,1439.82,12228.54,62474.72,3431.58,59043.14,21734.56,4848.06,26582.62,4663.29,31918.09,45.02
327,MADHYAPRADESH,Sagar,91016,3616.3,0,14760.87,109393.17,5946.9,103446.27,56953.05,3362.69,60315.74,4987.42,41001.45,58.31
328,MADHYAPRADESH,Satna,45101.95,3168.33,3467.63,12970.38,64708.29,3289.04,61419.25,37639.1,4221.07,41860.17,4676.97,18470.1,68.15
329,MADHYAPRADESH,Sehore,58466.39,3656.46,0,12451.74,74574.59,3729.73,70844.86,41495.49,2369.69,43865.18,2813.85,26180.08,61.92
330,MADHYAPRADESH,Seoni,67485,1761,3520.7,5865,78631.7,4240,74391.7,25682,2987,28669,3195,45066.65,38.54
331,MADHYAPRADESH,Shahdol,47145.5,245.02,7371.51,1030.88,55792.91,3064.5,52728.41,2681.56,2081.44,4763,2182.44,47552.22,9.03
332,MADHYAPRADESH,Shajapur,46005.31,2920.61,0,9661.5,58587.42,2929.38,55658.04,55071.97,1989.06,57061.03,2117.11,3557.82,102.52
333,MADHYAPRADESH,Sheopur,33569.28,781.99,0,18725.86,53077.13,4755.28,48321.85,15637.03,1739.31,17376.34,1654.47,30769.49,35.96
334,MADHYAPRADESH,Shivpuri,60904.53,3342.85,0,13694.96,77942.34,4491.02,73451.32,47078.63,3753,50831.63,4097.81,21722.3,69.2
335,MADHYAPRADESH,Sidhi,27743.1,838.69,3545.53,1960.96,34088.28,1828.8,32259.48,6948.3,2515.7,9464,2632.73,22301.17,29.34
336,MADHYAPRADESH,Singrauli,36463.69,722.85,0,2228.05,39414.59,2182.55,37232.04,8283.15,2189.75,10472.9,2052.44,26568.13,28.13
337,MADHYAPRADESH,Tikamgarh,39812.81,3058.72,0,11114.48,53986.01,2699.3,51286.71,33793.39,3619.96,37413.35,5606.97,11343.48,72.95
338,MADHYAPRADESH,Ujjain,71197.3,4816.38,0,18792.33,94806.01,4740.31,90065.7,85334.3,3241.58,88575.88,6368.19,9098.42,98.35
339,MADHYAPRADESH,Umaria,40067,377,5916.66,948.4,47309.06,2498.5,44810.56,4059.1,1366.7,5425.8,1426.4,39120.06,12.11
340,MADHYAPRADESH,Vidisha,78864.5,2598.18,0,11755.17,93217.85,4660.9,88556.95,49331.56,3133.11,52464.67,3803.35,34950.75,59.24
341,MAHARASHTRA,Ahmednagar,86779.79,13218.21,14556.76,45839.9,160394.66,8638.8,151755.85,114971.91,5602.46,120574.37,6267.86,38775.64,79.45
342,MAHARASHTRA,Akola,32077,1388.27,300.6,8648.42,42414.28,2958.76,39455.52,21286.27,2347.5,23633.76,3180.88,12853.2,59.9
343,MAHARASHTRA,Amravati,61081.3,4616.65,1574.71,27139.38,94412.04,6484.89,87927.15,75242.92,2404.9,77647.82,2860.54,18434.15,88.31
344,MAHARASHTRA,Aurangabad,65441.68,6707.02,334.38,30575.06,103058.14,5185.7,97872.44,68437.74,3479.85,71917.59,13706.17,15728.53,73.48
345,MAHARASHTRA,Beed,78387.68,7881.46,6240.28,33102.83,125612.25,6287.39,119324.86,67596.39,4177.29,71773.68,12137.51,39590.95,60.15
346,MAHARASHTRA,Bhandara,31142.09,45350.23,417.8,15413.63,92323.75,6784.11,85539.63,20990.98,3521.3,24512.27,3817.34,60731.32,28.66
347,MAHARASHTRA,Buldhana,64156.86,4768.16,275.87,19519.09,88719.98,5127.67,83592.31,58983.5,3106.29,62089.78,3817.05,23043.24,74.28
348,MAHARASHTRA,Chandrapur,97204.67,4834.16,1471.94,10306.92,113817.69,5908.87,107908.82,10637,10228.01,20865.01,11247.56,86024.26,19.34
349,MAHARASHTRA,Dhule,44091.26,7170.15,0,20694.25,71955.66,4176.84,67778.81,34545.18,1786.61,36331.79,6129.71,27103.92,53.6
350,MAHARASHTRA,Gadchiroli,94138.79,2040.86,0,10389.57,106569.21,5970.25,100598.96,19177.22,3643.47,22820.69,4187.79,77233.95,22.68
351,MAHARASHTRA,Gondia,42884.11,6619.76,645.56,15779.95,65929.38,3924.61,62004.77,9398.54,5985.11,15383.64,6538.2,46068.04,24.81
352,MAHARASHTRA,Hingoli,46490.02,1492.73,1340.56,28431.41,77754.73,3937.89,73816.84,37052.52,2163.03,39215.55,7408.27,29356.05,53.13
353,MAHARASHTRA,Jalgaon,86052.15,6375.98,574.14,44902.36,137904.63,6974.15,130930.48,100695.03,4880.25,105575.29,15343.12,20161.03,80.63
354,MAHARASHTRA,Jalna,57320.69,2522.77,115.46,24898.25,84857.16,4621.78,80235.38,42433.06,1360.75,43793.81,3919.76,33882.56,54.58
355,MAHARASHTRA,Kolhapur,52822.22,9290.17,753.39,66060.06,128925.84,6841.7,122084.14,49557.12,1751.76,51308.88,1997.01,70530.02,42.03
356,MAHARASHTRA,Latur,45726.03,6929.64,0,16210.55,68866.23,3453.2,65413.03,34270.64,2142.34,36412.97,4126.61,27018.98,55.67
357,MAHARASHTRA,Nagpur,66817.65,6221.47,2587.51,19143,94769.63,5165.1,89604.53,35642.88,10318.95,45961.83,10660.92,43300.72,51.29
358,MAHARASHTRA,Nanded,98215.34,843.03,3504.27,17403.1,119965.73,6002.56,113963.17,34916.94,3270.07,38187,9328.19,69718.04,33.51
359,MAHARASHTRA,Nandurbar,39060.71,2624.03,0,8939.55,50624.3,3201.39,47422.91,17590.86,3064.69,20655.56,11934.88,17941.71,43.56
360,MAHARASHTRA,Nashik,133827.97,14203.47,0,48347.66,196379.1,10743.78,185635.32,104572.27,3518.53,108090.8,8578.07,76211,58.23
361,MAHARASHTRA,Osmanabad,60460.58,6503.68,2583.66,15676.73,85224.64,4261.23,80963.41,48461.89,2305.61,50767.51,6232.84,26268.67,62.7
362,MAHARASHTRA,Palghar,19011.8,241.69,0,3425.04,22678.53,1361.94,21316.58,3703.08,885.36,4588.44,4301.93,13311.58,21.53
363,MAHARASHTRA,Parbhani,56000.04,1487.22,645.42,25891.57,84024.26,4310.15,79714.11,35761.68,1984.28,37745.96,9619.29,34333.14,47.35
364,MAHARASHTRA,Pune,96075.81,18178.58,1263.73,69875.02,185393.14,10014.54,175378.6,118190.27,8249.73,126440,10714.46,52295.08,72.1
365,MAHARASHTRA,Raigad,33614.36,382.59,0,5438.27,39435.22,2003.86,37431.36,4205.89,2156.34,6362.23,5749.76,27475.71,17
366,MAHARASHTRA,Ratnagiri,41118.99,118.2,0,2025.51,43262.7,2160.67,41102.03,5064.58,1261.81,6326.39,1599.94,34388.3,15.39
367,MAHARASHTRA,Sangli,51956.77,18938.07,0.61,61752.24,132647.69,8960.02,123687.67,69493.03,3338.34,72831.37,6938.32,50768.5,58.88
368,MAHARASHTRA,Satara,53177.54,10002.24,3762.79,32613.32,99555.89,5134.75,94421.14,57746.57,4829.8,62576.37,5505.9,31168.68,66.27
369,MAHARASHTRA,Sindhudurg,22398.94,176.99,0,2133.28,24709.22,1266.77,23442.45,7030.04,2232.75,9262.78,2411.36,14001.05,39.51
370,MAHARASHTRA,Solapur,90200.57,10809.87,2954.07,40676.66,144641.17,7373.97,137267.2,102711.83,4862.7,107574.53,5642.17,34029.08,78.37
371,MAHARASHTRA,Thane,15200.67,283.85,0,2214.31,17698.83,1047.69,16651.14,2348.32,706.24,3054.56,1404.17,12898.65,18.34
372,MAHARASHTRA,Wardha,60064.39,1128.37,1229.63,21008.25,83430.64,4362.55,79068.08,39911.98,3472.72,43384.7,3698.33,35457.78,54.87
373,MAHARASHTRA,Washim,40996.75,2586.44,68.86,12236.61,55888.66,2989.37,52899.29,29499.37,2005.3,31504.67,2473.89,20926.03,59.56
374,MAHARASHTRA,Yawatmal,94994.19,2676.32,5793.54,16403.96,119868.02,6316.01,113552,28111.93,5752.54,33864.46,15018.53,70167.01,29.82
375,MANIPUR,Bishnupur,4485.43,129.87,3287.35,259.8,8162.5,816.25,7346.2,57.19,23.95,81.14,695.87,6593.14,1.1
376,MANIPUR,Chandel,0,0,0,0,0,0,0,0,0,0,0,0,0
377,MANIPUR,Churachandpur,2902.87,157.36,2127.5,314.71,5502.4,550.24,4952.19,75.25,19.96,95.21,407.46,4469.48,1.92
378,MANIPUR,Imphal East,2106.16,77.04,1543.6,155.26,3882.1,388.21,3493.85,6.02,27.98,34,812.55,2657.28,0.97
379,MANIPUR,Jiribam,4305.47,87.65,3155.46,174.95,7723.5,772.35,6951.18,27.09,26.95,54.04,254.69,6669.4,0.78
380,MANIPUR,Imphal West,4693.42,198.12,3439.79,397.88,8729.2,872.92,7856.3,105.35,60.89,166.24,1212.03,6532.92,2.12
381,MANIPUR,Senapati,0,0,0,0,0,0,0,0,0,0,0,0,0
382,MANIPUR,Tamenglong,0,0,0,0,0,0,0,0,0,0,0,0,0
383,MANIPUR,Thoubal,4648.21,311.92,3406.65,625.03,8991.8,899.18,8092.63,90.3,35.93,126.23,634.02,7368.31,1.56
384,MANIPUR,Ukhrul,0,0,0,0,0,0,0,0,0,0,0,0,0
385,MEGHALAYA,East Garo Hills,2745.11,57.85,2014.64,15.53,4833.13,483.31,4349.81,0,20.42,20.42,40.84,4308.97,0.47
386,MEGHALAYA,East Jaintia Hills,12990.73,26.27,5023.89,6.78,18047.68,1804.77,16242.91,0,54.01,54.01,108.02,16130.89,0.33
387,MEGHALAYA,East Khasi Hills,7128.22,166.14,3297.08,40.78,10632.22,1063.22,9569,0,234.61,234.61,469.22,9089.78,2.45
388,MEGHALAYA,North Garo Hills,12073.67,75.88,3773.95,20.61,15944.11,1594.41,14349.7,51,24.3,75.3,48.6,14250.1,0.52
389,MEGHALAYA,Ri-Bhoi,10475.63,175.76,2099.16,155.12,12905.68,1290.57,11615.11,0,65.55,65.55,131.1,11474.01,0.56
390,MEGHALAYA,South Garo Hills,7386.53,69.6,2678.24,17.68,10152.06,1015.21,9136.85,0,9.32,9.32,18.65,9118.2,0.1
391,MEGHALAYA,South West Garo Hills,9928.03,106.39,3058.68,1330.07,14423.17,1875.07,12548.1,2655.4,127.82,2783.22,255.64,9637.06,22.18
392,MEGHALAYA,South West Khasi Hills,10174.64,24.39,2642.25,5.9,12847.18,1284.72,11562.46,0,9.01,9.01,18.02,11544.44,0.08
393,MEGHALAYA,West Garo Hills,23157.23,186.91,9411.18,534.7,33290.02,3924.12,29365.91,102,312.77,414.77,625.54,28638.37,1.41
394,MEGHALAYA,West Jaintia Hills,11829.53,169.78,4571.08,46.5,16616.9,1661.69,14955.21,5,54.33,59.33,108.66,14836.55,0.4
395,MEGHALAYA,West Khasi Hills,28913.66,122.9,4374.25,29.63,33440.44,3344.04,30096.4,0,14,14,28,30068.4,0.05
396,MIZORAM,Aizawl,1035.99,0,518.14,0,1554.13,155.41,1398.71,0,192.94,192.94,272.27,1126.44,13.79
397,MIZORAM,Champhai,1129.77,0,396.83,0,1526.61,152.66,1373.95,0,43.89,43.89,63.44,1310.51,3.19
398,MIZORAM,Kolasib,1306.08,0,674.92,0,1981,198.1,1782.9,0,29.66,29.66,42.46,1740.44,1.66
399,MIZORAM,Lawngtlai,3433.55,0,545.75,0,3979.3,397.93,3581.37,0,94.59,94.59,144.98,3436.38,2.64
400,MIZORAM,Lunglei,4793.93,0,932.58,0,5726.5,572.65,5153.85,0,192.64,192.64,247.82,4906.03,3.74
401,MIZORAM,Mamit,3080.15,0,1624.59,0,4704.75,470.47,4234.27,0,92.39,92.39,159.87,4074.4,2.18
402,MIZORAM,Saiha,658.16,0,159.47,0,817.63,81.76,735.87,0,39.05,39.05,59.69,676.18,5.31
403,MIZORAM,Serchhip,784.56,0,206.28,0,990.84,99.08,891.76,0,46.72,46.72,69.22,822.53,5.24
404,NAGALAND,Dimapur,8294.88,1363,3392.78,134,13184.66,1318.47,11866.19,208.84,754.54,963.38,893.85,10762.93,8.12
405,NAGALAND,Kiphire,5222.34,0,1623.61,0,6845.95,684.6,6161.36,0,13.62,13.62,9.93,6151.43,0.22
406,NAGALAND,Kohima,15455.23,1708,4425.95,196,21785.18,2178.52,19606.66,0,203.84,203.84,237.15,19369.51,1.04
407,NAGALAND,Longleng,4541.74,0,1484.21,0,6025.95,602.6,5423.36,0,27.69,27.69,8.37,5414.99,0.51
408,NAGALAND,Mokokchung,20948.89,0,6569.46,0,27518.35,2751.84,24766.52,0,78.37,78.37,65.73,24700.24,0.32
409,NAGALAND,Mon,19250.55,0,7107.02,0,26357.57,2635.76,23721.81,0,204.59,204.59,195.43,23526.38,0.86
410,NAGALAND,Peren,16439.43,0,5198.16,0,21637.59,2163.76,19473.83,0,88.15,88.15,90.58,19383.25,0.45
411,NAGALAND,Phek,18276.01,0,7239.7,0,25515.71,2551.57,22964.14,0,38.42,38.42,40.15,22923.99,0.17
412,NAGALAND,Tuenchung,22382.03,0,6568.55,0,28950.58,2895.06,26055.52,0,88.78,88.78,91.99,25963.53,0.34
413,NAGALAND,Wokha,24753.67,0,6257.08,0,31010.75,3101.08,27909.68,0,182.16,182.16,181.48,27728.2,0.65
414,NAGALAND,Zunheboto,9045.9,0,2564.99,0,11610.89,1161.09,10449.8,0,71.12,71.12,63.73,10383.82,0.68
415,ODISHA,Angul,40918.06,8016.18,3962.33,5068.6,57965.17,3266.29,54698.88,19842.55,4982.47,24825.02,4697.2,29220.51,45.38
416,ODISHA,Balasore,63946.34,13973.34,17134.27,25217.46,120271.41,8690.38,111581.03,60553.21,6736.43,67289.64,6581.45,43553.47,60.31
417,ODISHA,Bargarh,41040.64,12215.16,136.38,11941.23,65333.41,3266.68,62066.73,25229.32,4659.88,29889.2,4761.11,31778.72,48.16
418,ODISHA,Bhadrak,17577.53,11087.14,4308.39,15763.32,48736.38,4110.93,44625.45,24476.62,2856.88,27333.5,2812.17,17021.46,61.25
419,ODISHA,Bolangir,46705.54,5498.65,898.73,6580.74,59683.66,3592.3,56091.36,19884.28,5165.1,25049.38,5860.02,30128.74,44.66
420,ODISHA,Boudh,15719.95,3213.73,446.28,4048.53,23428.49,1335.09,22093.4,8556.26,1323.47,9879.73,1448.91,12046.19,44.72
421,ODISHA,Cuttack,45333.07,10664.44,9049.08,7932.29,72978.88,4751.59,68227.29,20894.68,7945.13,28839.81,8172.34,38600.7,42.27
422,ODISHA,Deogarh,22635.47,4325.72,1223.69,2910.58,31095.46,2295.53,28799.93,13300.93,1022.22,14323.15,1016.85,14370.55,49.73
423,ODISHA,Dhenkanal,29674.7,8179.48,5442.07,2994.38,46290.63,3328.61,42962.02,12266.54,3802.23,16068.77,3844.81,26560,37.4
424,ODISHA,Gajapati,12426.51,2564.56,4946.34,2536.35,22473.76,1681.69,20792.07,4790.63,1717.81,6508.44,1747.94,14145.09,31.3
425,ODISHA,Ganjam,38130.93,25987.19,17236.11,12320.64,93674.87,7631.72,86043.15,22434.96,11596.69,34031.65,11638.12,50525.16,39.55
426,ODISHA,Jagatsinghpur,17447.28,12952.8,4359.43,11033.97,45793.48,3911.28,41882.2,21174.49,2795.36,23969.85,2665.69,17567.72,57.23
427,ODISHA,Jajpur,33259.35,9369.34,7250.92,6174.69,56054.3,3752.79,52301.51,27047.91,4823.68,31871.59,4957.19,20011.26,60.94
428,ODISHA,Jharsuguda,17492.03,1543.19,221.66,1977.96,21234.84,1227.29,20007.55,5616.27,3040.07,8656.34,2555.33,11012.9,43.27
429,ODISHA,Kalahandi,47562.29,10366.6,1803.22,9442.98,69175.09,4746.5,64428.59,17276.44,5239.02,22515.46,5180.35,41249.61,34.95
430,ODISHA,Kandhamal,27069.53,3082.84,4436.16,3742.1,38330.63,3062.63,35268,6731.75,2376.84,9108.59,2382.33,25929.07,25.83
431,ODISHA,Kendrapara,6440.35,4884.93,1731.64,4420.82,17477.74,1489.13,15988.61,9202.83,1235.57,10438.4,1195.19,5445.19,65.29
432,ODISHA,Keonjhar,63236.55,6628.07,11512.66,8773.49,90150.77,6281.88,83868.89,27433.48,6075.21,33508.69,6421.27,49577.54,39.95
433,ODISHA,Khurda,24954.24,8150.04,6000.27,8696.86,47801.41,3665.18,44136.23,15210.85,6594.56,21805.41,8087.01,20838.37,49.4
434,ODISHA,Koraput,39704.02,2824.34,4155.74,4642.3,51326.4,3717.98,47608.42,5783.31,4861.89,10645.2,4701.62,36363.49,22.36
435,ODISHA,Malkangiri,24116.19,3376.97,1152.11,3868.62,32513.89,2295.05,30218.84,2986.82,1862.76,4849.58,2184.19,25047.83,16.05
436,ODISHA,Mayurbhanj,88553.02,20433.95,18391.08,23645.41,151023.46,9470.29,141553.17,46923.16,8073.91,54997.07,8111.55,85712.48,38.85
437,ODISHA,Nabarangapur,49146.54,2796.85,3944.29,3499.66,59387.34,3654.62,55732.72,12771.4,3663.88,16435.28,4042.69,38779.13,29.49
438,ODISHA,Nayagarh,25399.22,4104.08,5223.69,5504.78,40231.77,3257.12,36974.65,10536.22,2962.9,13499.12,3527.7,22910.73,36.51
439,ODISHA,Nuapada,22582.22,4454.1,706.77,4115.25,31858.34,1612.08,30246.26,14266.04,1622.35,15888.39,1984.67,13893.34,52.53
440,ODISHA,Puri,30272.34,11901.03,7360.84,16809.44,66343.65,5225.87,61117.78,25029.95,4683.79,29713.74,5179.07,30908.76,48.62
441,ODISHA,Rayagada,22195.6,2677.71,4429.71,2074.6,31377.62,2462.88,28914.74,5235.67,3443.74,8679.41,3139.09,19881.98,30.02
442,ODISHA,Sambalpur,47820.48,6958.94,311.18,10624.63,65715.23,4913.32,60801.91,12173.9,3906.98,16080.88,3313.07,44431.32,26.45
443,ODISHA,Subarnapur,19918.53,3809.21,155.57,4316.71,28200.02,1728.9,26471.12,9548.8,1834.7,11383.5,1958.18,14907.18,43
444,ODISHA,Sundargarh,71232.9,7828.77,2479.81,6338.09,87879.57,6293.27,81586.3,21044.28,7637.43,28681.71,6259.93,52231.44,35.16
445,PUNJAB,Amritsar,30913.1,88382.03,8132.26,44164.69,171592.07,17159.21,154432.86,217950.26,10013.86,227964.11,13357.08,0,147.61
446,PUNJAB,Barnala,11860,36439.26,2291.59,13763.61,64354.46,6435.45,57919.01,119753.01,2339.71,122092.72,3217.1,0,210.8
447,PUNJAB,Bathinda,23526,65211.9,5103.14,59572.76,153413.8,12316.06,141097.73,132148.5,5484.07,137632.57,7492.95,21994.43,97.54
448,PUNJAB,Faridkot,12240.19,38379.86,2201.59,14398.61,67220.25,6722.03,60498.23,96432.07,4746.44,101178.51,3334.25,0,167.24
449,PUNJAB,Fatehgarh Sahib,15745.54,32821.82,3589.65,9542.56,61699.56,6169.96,55529.6,112087.21,3162.43,115249.64,3189.78,0,207.55
450,PUNJAB,Fazilka,19944.33,45812.26,3258.04,33673.97,102688.6,10268.86,92419.74,87076.15,4610.6,91686.75,6121.7,24647.38,99.21
451,PUNJAB,Ferozepur,19819.23,88613.36,5254.15,23748.79,137435.53,13743.55,123691.98,199649.69,3175.54,202825.23,4203.04,0,163.98
452,PUNJAB,Gurdaspur,39037.45,95338.96,10704.47,27671.21,172752.1,16655.94,156096.16,202477.32,7063.91,209541.23,8274.65,738.04,134.24
453,PUNJAB,Hoshiarpur,45196.93,25468.49,12140.76,12163.96,94970.13,9039.22,85930.92,84889.62,7230.48,92120.11,9442.17,10553.3,107.2
454,PUNJAB,Jalandhar,35348.91,62312.87,8193,24552.87,130407.64,13040.76,117366.88,268432.93,12263.94,280696.87,16316.9,0,239.16
455,PUNJAB,Kapurthala,21156.29,41573.51,5779.78,9413.89,77923.47,7792.37,70131.1,151500.35,5419.14,156919.49,4165.23,0,223.75
456,PUNJAB,Ludhiana,47045,114523.44,9961.7,43906.64,215436.78,21543.75,193893.03,338377.09,16329.8,354706.89,17768.76,0,182.94
457,PUNJAB,Mansa,17519.23,56289.78,3536.2,36870.81,114216.02,11421.6,102794.42,145381.42,16.01,145397.43,0,145.77,141.44
458,PUNJAB,Moga,21395.41,76757.79,4251.41,17243.52,119648.13,11964.81,107683.31,243449.7,3651.08,247100.78,5020.23,0,229.47
459,PUNJAB,Mohali,17874.3,4132.63,4255.94,2134.52,28397.39,2565.15,25832.24,23692.53,7176.65,30869.18,5023.46,2048.07,119.5
460,PUNJAB,Muktsar,18477.76,29431.84,3813.63,29942.86,81666.1,8166.61,73499.49,51943.88,2704.84,54648.72,0,19645.96,74.35
461,PUNJAB,Nawanshahar,20468.27,29885.8,4890.58,15062.14,70306.79,7030.68,63276.11,71052.69,2402.25,73454.94,3129.58,6616.5,116.09
462,PUNJAB,Pathankot,11575.76,8791.6,4284.07,6587.94,31239.36,2773.95,28465.41,18741.52,2900.31,21641.83,3436.66,14633.61,76.03
463,PUNJAB,Patiala,42500.59,72474.6,9144.31,28317.21,152436.72,15243.67,137193.04,290318.74,7139.13,297457.87,9639.34,0,216.82
464,PUNJAB,Ropar,16966.22,13807.89,4270.61,10033.9,45078.62,4507.86,40570.76,44000.27,3625.42,47625.69,3481,7896.77,117.39
465,PUNJAB,Sangrur,39219.62,81155.14,8857.52,30865.59,160097.86,16009.79,144088.08,368502.31,6128.98,374631.29,8427.35,0,260
466,PUNJAB,Tarn Taran,26388.23,75249.29,7099.81,31359.75,140097.09,14009.71,126087.38,188607.13,4186.78,192793.91,5705.72,0,152.91
467,RAJASTHAN,Ajmer,31499.64,1909.99,0,6165.97,39575.6,3642.12,35933.48,48623.83,4978.53,53602.36,6721.01,0,149.17
468,RAJASTHAN,Alwar,67625.6,2334.06,7670.86,6876.18,84506.7,7250.58,77256.12,133272.65,15523.23,148795.88,20801.13,0,192.6
469,RAJASTHAN,Banswara,11442.43,671.59,0,8804.14,20918.16,1963.99,18954.16,8478.74,2047.09,10525.83,2776.19,7699.23,55.53
470,RAJASTHAN,Baran,36016.4,3343.56,0,14570.65,53930.61,5096.2,48834.41,52215.36,5754.77,57970.13,10087.08,5458.8,118.71
471,RAJASTHAN,Barmer,26062.15,848.48,1095.32,2337.67,30343.62,2752.42,27591.2,29153.67,5130.98,34284.65,6926.82,1111.73,124.26
472,RAJASTHAN,Bharatpur,35548.66,2103.91,1707.37,6165.18,45525.13,3891.52,41633.61,42957.44,6946.86,49904.3,9164.32,0,119.87
473,RAJASTHAN,Bhilwara,46128.14,3370.82,0,10712.12,60211.07,5848.11,54362.96,71234.43,4140.45,75374.88,5589.6,0,138.65
474,RAJASTHAN,Bikaner,25309.35,238.29,0,1056.16,26603.8,2505.27,24098.53,33254.17,7780.14,41034.31,10097.11,3056.66,170.28
475,RAJASTHAN,Bundi,25607.9,3117.63,0,23490.04,52215.57,4842.2,47373.38,37377.47,2621.85,39999.33,3539.5,11977.46,84.43
476,RAJASTHAN,Chittaurgarh,44079.09,2881.4,0,10838.87,57799.35,5321.41,52477.94,71489.31,1557.33,73046.64,2102.4,0,139.19
477,RAJASTHAN,Churu,12074.34,35.25,402.37,105.74,12617.69,1048.81,11568.89,10251.14,2507.38,12758.51,3359.88,1700.28,110.28
478,RAJASTHAN,Dausa,22053.97,1096.58,339.45,2170.75,25660.74,2538.02,23122.73,38362.34,2442.62,40804.96,3586.91,0,176.47
479,RAJASTHAN,Dhaulpur,19953.14,1250.76,507.45,5118.52,26829.87,2470.97,24358.9,27560.32,2977.89,30538.21,4020.15,915.27,125.37
480,RAJASTHAN,Dungarpur,8885.85,850.45,0,5171.62,14907.91,1441.49,13466.43,8043.55,803.94,8847.49,1085.32,4337.56,65.7
481,RAJASTHAN,Ganganagar,2210.84,19189.9,675.73,23394.56,45471.02,4547.1,40923.91,15048.98,701.4,15750.38,946.89,24928.04,38.49
482,RAJASTHAN,Hanumangarh,2558.6,7812.14,644.97,10004.22,21019.92,1972.46,19047.46,11596.72,804.3,12401.02,1092.42,6364.93,65.11
483,RAJASTHAN,Jaipur,67725.26,2528.05,2717.35,6459,79429.66,7460.03,71969.62,127627.58,30581.96,158209.54,41285.64,0,219.83
484,RAJASTHAN,Jaisalmer,6675.67,20.93,0,67.65,6764.24,676.42,6087.82,15320.95,2507.25,17828.21,3384.79,0,292.85
485,RAJASTHAN,Jalor,41635.13,1163.35,0,10449.12,53247.59,5215,48032.59,80857.75,4419.6,85277.35,5966.46,1226.27,177.54
486,RAJASTHAN,Jhalawar,42154.25,2887.02,0,10237.03,55278.3,4142.54,51135.76,48876.38,2379.16,51255.53,3211.86,3106.9,100.23
487,RAJASTHAN,Jhunjhunun,19229.72,399.9,1797.73,1605.89,23033.23,2248,20785.24,36766.57,8484.85,45251.41,11454.55,0,217.71
488,RAJASTHAN,Jodhpur,41757.4,455.46,343.58,1398.79,43955.22,4245.17,39710.05,71755.44,15050.92,86806.36,20318.74,2908.99,218.6
489,RAJASTHAN,Karauli,35541.37,1124.88,0,3034.51,39700.76,3852.35,35848.41,51625.62,5115.96,56741.58,6855.39,202.68,158.28
490,RAJASTHAN,Kota,28567.82,5750.88,704.84,22295.64,57319.18,5582.1,51737.08,46949.05,6564.63,53513.68,8862.25,3723.78,103.43
491,RAJASTHAN,Nagaur,51135.16,304.2,4927.39,987.86,57354.61,5212.12,52142.49,86573.31,14578.75,101152.06,19681.32,631.27,193.99
492,RAJASTHAN,Pali,42904.89,1150.86,0,5741.24,49796.99,4240.12,45556.86,54088.68,3093.54,57182.22,4176.28,1022.26,125.52
493,RAJASTHAN,Pratapgarh,14691.6,1405.81,0,4566.11,20663.52,1490.84,19172.68,22976.94,519.51,23496.45,701.34,886.18,122.55
494,RAJASTHAN,Rajsamand,8162.25,681.32,126.2,2268.41,11238.18,1123.82,10114.36,10550.75,1727.95,12278.7,2332.73,0,121.4
495,RAJASTHAN,Sawai Madhopur,40235.26,1850.13,0,6918.79,49004.17,4021.59,44982.58,49878.33,10646.89,60525.22,14266.83,0,134.55
496,RAJASTHAN,Sikar,27738.92,859.39,802.04,1591.48,30991.84,3099.18,27892.65,41094.91,8435.53,49530.44,17380.95,342.71,177.58
497,RAJASTHAN,Sirohi,30948.5,938.03,0,2837.73,34724.26,3062.64,31661.61,31618.65,1387.52,33006.17,1873.15,1618.03,104.25
498,RAJASTHAN,Tonk,31072.29,3525.37,0,11588.52,46186.17,4440.55,41745.62,31884.16,7598.61,39482.76,10258.12,2833.47,94.58
499,RAJASTHAN,Udaipur,26718.64,2380.4,0,14613.91,43712.96,4371.3,39341.66,37258.03,2616.28,39874.31,3531.98,1960.28,101.35
500,SIKKIM,East District,71313.41,0,4524.55,0,75837.96,30790.93,45047.03,0,45.74,45.74,653.35,44347.94,0.1
501,SIKKIM,South District,45058.07,0,1682.41,0,46740.48,39378.77,7361.71,0,41.66,41.66,340.83,6979.22,0.57
502,SIKKIM,North District,331775.32,0,34351.31,0,366126.63,287162.64,78963.99,0,0,0,100.7,78863.29,0
503,SIKKIM,West District,72113.99,0,2397.69,0,74511.68,53657.27,20854.41,0,0,0,316.58,20537.83,0
504,TAMILNADU,Ariyalur,21412.45,14301.91,3331.68,3348.16,42394.2,4239.42,38154.78,14306.59,2217.8,16524.39,2301.58,21546.61,43.31
505,TAMILNADU,Chennai,1273.77,0,88.28,478.26,1840.3,184.03,1656.27,0,2846.77,2846.77,3045.47,0,171.88
506,TAMILNADU,Coimbatore,15816.23,8600.94,6099.5,10118.32,40634.99,4063.5,36571.49,39432.61,5130.64,44563.24,5695,1818.67,121.85
507,TAMILNADU,Cuddalore,35024.19,97664.6,23046.5,5592.14,161327.42,16132.72,145194.7,55604.58,34020.92,89625.49,34392.54,60231.3,61.73
508,TAMILNADU,Dharmapuri,15368.45,15549.58,3890.1,6721.86,41529.99,4153,37376.99,43580.17,3476.56,47056.73,3951.46,3028.7,125.9
509,TAMILNADU,Dindigul,33754.04,9327.61,6748.23,14171.97,64001.84,6400.18,57601.66,61201.69,2490.36,63692.05,3004.35,10121.92,110.57
510,TAMILNADU,Erode,17300.28,40945.99,5017.08,6502.14,69765.49,6976.55,62788.94,56158.22,6029.53,62187.75,6446.14,8914.94,99.04
511,TAMILNADU,Kancheepuram,30288.74,55675.46,3524.15,12997.15,102485.5,10248.55,92236.95,56417.67,5083.98,61501.65,7080.3,31540.05,66.68
512,TAMILNADU,Kanyakumari,6682.62,12810.25,3047.84,3672.53,26213.24,2621.32,23591.92,3915.99,2098.06,6014.04,2668.04,17007.89,25.49
513,TAMILNADU,Karur,13721.53,10111.86,4133.44,3057.12,31023.95,3102.4,27921.56,27539.31,1040.44,28579.75,1197.13,4896.65,102.36
514,TAMILNADU,Krishnagiri,18201.41,13828.39,4656.5,5092.15,41778.46,4177.85,37600.61,32871.87,11426.85,44298.71,12989.94,5320.71,117.81
515,TAMILNADU,Madurai,20879.13,31368.31,4475.96,9738.96,66462.36,6646.24,59816.12,37941.26,3751.8,41693.06,4469.3,19842.05,69.7
516,TAMILNADU,Nagapattinam,5545.46,4985.93,802.51,1258.72,12592.62,1259.26,11333.36,14444.18,959.81,15403.98,1042.72,754.01,135.92
517,TAMILNADU,Namakkal,16501.84,14044.08,3687.04,5304.19,39537.15,3953.71,35583.43,45909.19,2194.58,48103.77,2394.94,3343.65,135.19
518,TAMILNADU,Nilgiris,7297.01,396.1,1787.14,133.7,9613.95,961.39,8652.55,572,533.38,1105.38,599.48,7481.07,12.78
519,TAMILNADU,Peramabalur,11153.76,7937.7,2012.68,2836.08,23940.22,2394.02,21546.19,24784.28,1166.93,25951.21,1266.5,2442.55,120.44
520,TAMILNADU,Pudukottai,38901.85,39725.65,8591.77,15230.75,102450.02,10245,92205.01,41329.75,1842.09,43171.84,2029.05,48846.22,46.82
521,TAMILNADU,Ramanathapuram,18818.43,30060.23,4557.26,8083.32,61519.25,6151.92,55367.32,5741.16,1403.53,7144.69,1671.89,47954.27,12.9
522,TAMILNADU,Salem,25606.71,14413.06,4957.48,9810.88,54788.13,5478.81,49309.32,67012.62,4858.81,71871.43,6533.46,4144.87,145.76
523,TAMILNADU,Sivagangai,26822.9,50315.45,4798.92,17586.28,99523.56,9952.36,89571.2,14856.57,1415.74,16272.31,1701.49,73013.15,18.17
524,TAMILNADU,Thanjavur,32171.27,35411.26,5325.1,9286.96,82194.59,8219.46,73975.13,78884.05,2407.42,81291.47,2642.72,6711.2,109.89
525,TAMILNADU,Theni,13005.96,14074.61,8006.47,8202.44,43289.49,4328.94,38960.55,28293.8,754.21,29048.01,898.47,10145.94,74.56
526,TAMILNADU,Thiruppur,19872.46,11392.7,6161.4,9803.14,47229.7,4722.97,42506.73,47882.48,3326.15,51208.63,3612.97,1886.65,120.49
527,TAMILNADU,Thiruvallur,23141.54,63181.84,2168.28,2429.3,90920.97,9092.1,81828.87,32107.97,24935.31,57043.28,25825.33,27100.09,69.71
528,TAMILNADU,Thoothukudi,20284.35,22351.34,5735.75,6654.35,55025.79,5502.58,49523.21,19781.45,1528.97,21310.42,1878.34,28938.53,43.03
529,TAMILNADU,Tirunelveli,29814.35,57379.94,9243.99,7563.91,104002.19,10400.22,93601.97,58482.78,2005.54,60488.31,2384.02,40445.45,64.62
530,TAMILNADU,Tiruvannamalai,36683.6,66936.05,4754.19,4419.76,112793.6,11279.36,101514.24,102551.85,10053.18,112605.02,11426.44,3654.01,110.93
531,TAMILNADU,Tiruvarur,9135.19,12168.1,1219.51,5641.15,28163.95,2816.39,25347.55,21088.85,1283.63,22372.48,1376.07,5801.64,88.26
532,TAMILNADU,Trichy,24011.32,34460.28,4465.68,5802.74,68740.03,6874,61866.02,48016.29,7393.62,55409.92,7636.94,17031.14,89.56
533,TAMILNADU,Vellore,24609.67,25744.61,7427.74,4897.06,62679.08,6267.91,56411.17,53587.85,12860.05,66447.9,14528.1,5438.81,117.79
534,TAMILNADU,Villupuram,29872.61,106907.54,28146.37,10725.46,175651.98,17565.2,158086.78,139172.92,5012.25,144185.17,5690.54,26278.65,91.21
535,TAMILNADU,Viruthunagar,23544.7,18698.96,6935.56,9119.2,58298.42,5829.84,52468.58,32267.95,1893.62,34161.57,2372.19,20007.23,65.11
536,TELANGANA,Adilabad,19190.11,1727.33,4064.27,3940.11,28921.82,2649.94,26271.88,13717.99,2896.41,16614.32,3761,9151.28,63.24
537,TELANGANA,Bhadradri Kothagudem,57693.51,2365.17,16717.87,4993.12,81769.67,7711.91,74057.76,16405.4,3529.38,19934.44,4199.98,53451.64,26.92
538,TELANGANA,Hyderabad,911.96,1672.36,352.13,1672.36,4608.79,460.88,4147.91,0,14164.39,14164.39,25834.22,0,341.48
539,TELANGANA,Jagtial,20699.16,7780.69,4835.11,13689.23,47004.19,4630.36,42373.83,26861.89,4360.86,31222.75,5525.35,12204.45,73.68
540,TELANGANA,Jangaon,18871.46,2499.81,4994.81,6614.92,32980.99,2886.1,30094.9,25735.52,2052.77,27792.83,2053.15,2586.98,92.35
541,TELANGANA,Jayashankar Bhupalapally,37709.62,7514.73,6131.88,13431.64,64787.87,5757.04,59030.83,29076.75,2014.56,31091.3,2825.46,27418.25,52.67
542,TELANGANA,Jogulamba Gadwal,12506.76,1804.72,4126.24,2435.65,20873.38,2086.63,18786.74,8141.88,527.12,8669,1211.4,9433.47,46.14
543,TELANGANA,Kamareddy,26524,6584,7155,10673,50936,4300,46636,34151,1842,35993,3316,9169,77.18
544,TELANGANA,Karimnagar,16981.22,3248.98,3756.82,12725.44,36712.47,3552.07,33160.4,22993.35,1972.42,24965.77,3374.54,7124.14,75.29
545,TELANGANA,Khammam,38183.81,4736.4,10959.93,10349.66,64229.79,5343.77,58886.02,34172.06,3942.95,38115.01,5015,21943.88,64.73
546,TELANGANA,Komarambhem Asifabad,31819,703,1596,1261,35379,3027,32352,5321,2016,7337,2337,24694,22.68
547,TELANGANA,Mahabubabad,22106.49,5422.6,6112.54,9853.63,43495.26,3412.9,40081.36,26071.31,2814.34,28885.65,3409.35,11062.07,72.07
548,TELANGANA,Mahabubnagar,28664,5198,9113,9060,52035,4727,47307,28684,3633,32317,4214,14472,68.31
549,TELANGANA,Mancherial,38003.6,6021.23,6086.12,8819.81,58930.76,5350.18,53580.95,20352.31,1629.29,21981.6,2622.65,30605.99,41.03
550,TELANGANA,Medak,24610,4758,3688,9799,42855,4284,38571,23699,909,24608,2791,12078,63.8
551,TELANGANA,Medchal Malkajgiri,5263.44,487.64,1814.98,1048.73,8614.78,861,7753.01,2772.21,4514.07,7286,4968,882.52,93.98
552,TELANGANA,Nagarkurnool,32450,2887.51,12322.79,5996.66,53656.96,5365.7,48291.26,27430.42,4394.34,31824.76,5098.42,15762.08,65.9
553,TELANGANA,Nalgonda,38917,8964,11369,23833,83083,7759,75324,49929,5991,55920,7981,19150,74.24
554,TELANGANA,Nirmal,33194,7171,5800,9517,55682,5213,50469,16670,2048,18718,2273,31524,37.09
555,TELANGANA,Nizamabad,34984,13276,8087,26037,82384,7492,74892,51289,5207,56495,6039,18336,75.44
556,TELANGANA,Peddapalli,19081.14,5680.07,3848.87,15341.78,43951.86,4002.66,39949.2,19149.09,1715.06,20864.15,2863.19,17936.8,52.23
557,TELANGANA,Rajanna Sircilla,14713.49,2454.05,3796.08,5348.5,26312.12,1987.9,24324.21,18435.91,1561.93,19997.84,1880.77,4584.19,82.21
558,TELANGANA,Rangareddy,24084.67,3480.65,8830.46,5512.78,41908.57,3920.97,37987.6,25165.12,5715.91,30881.04,6601.16,6309.26,81.29
559,TELANGANA,Sangareddy,27589.54,3488.21,5755.72,5366.92,42200.39,4129.27,38071.12,23411.78,3464.26,26876.41,5886.81,10038.84,70.6
560,TELANGANA,Siddipet,24946.64,7302.23,6758.71,12670,51677.58,5167.56,46510.02,39812.83,3795.41,43608.24,4271.95,3291.51,93.76
561,TELANGANA,Suryapet,21026.47,9794.01,7303.85,16665.05,54789.38,4893,49896.38,27842.01,2726.72,30568.73,4321.7,17901.49,61.26
562,TELANGANA,Vikarabad,23528,2169,5951,4624,36272,3203,33069,15629,2995,18624,3745,13695,56.32
563,TELANGANA,Wanaparthy,10459.02,2539.45,2335.44,3549.01,18882.92,1682.49,17200.43,10013.16,1522.52,11535.68,2063.24,5123.99,67.07
564,TELANGANA,Warangal Rural,16327.79,4593.01,4491.13,10125.37,35537.3,3519.79,32017.51,25537.9,2046.24,27584.14,2884.13,4849.78,86.15
565,TELANGANA,Warangal Urban,12206,2615,2666,4802,22289,2122,20167,17145,1195,18340,2276,3373,90.94
566,TELANGANA,Yadadri Bhongiri,22949.72,2663.52,7044.47,6477.54,39135.24,3685,35450.24,23742,2838,26580,3801,7907.24,74.98
567,TRIPURA,Dhalai,11265.37,656.58,8257.26,3331.22,23510.43,5925.81,17584.62,40.8,847.78,888.58,1307.6,16236.22,5.05
568,TRIPURA,Gomati,11739.85,1072.32,5836.87,4345.33,22994.37,2846,20148.37,84.61,828.98,913.59,1172.97,18890.73,4.53
569,TRIPURA,Khowai,7584.64,789.87,2548.52,2894.72,13817.75,3003.28,10814.47,306.6,611.84,918.44,819.27,9688.6,8.49
570,TRIPURA,North Tripura,6316.06,561.53,4871.52,2380.68,14129.79,3310.93,10818.86,32.4,909.5,941.9,1339.77,9446.63,8.71
571,TRIPURA,Sepahijala,11043.65,872.91,5144.18,3548.44,20609.18,3817.43,16791.75,704.05,950.89,1654.94,1296.91,14790.79,9.86
572,TRIPURA,South Tripura,12231.78,889.75,5538.72,3604.37,22264.62,4165.75,18098.87,172.07,876.34,1048.41,1202.16,16724.65,5.79
573,TRIPURA,Unakoti,6787.36,629.7,4257.61,2520.58,14195.25,1526.87,12668.38,4.81,606.38,611.19,887.3,11776.27,4.82
574,TRIPURA,West Tripura,13198.11,861.61,3559.33,3427.93,21046.98,4081.06,16965.92,624.28,2157.91,2782.19,2645.7,13695.47,16.4
575,UTTARPRADESH,Agra,54040.98,13500.6,809.86,22875.05,91226.49,6467.99,84758.5,83464.26,7654.2,91118.45,8902.22,8384.66,107.5
576,UTTARPRADESH,Aligarh,49646.35,12936.07,3085.12,29753.61,95421.14,6396.63,89024.52,51082.36,10220.91,61303.27,13875.03,29381.42,68.86
577,UTTARPRADESH,Ambedkar Nagar,48480.2,12412.1,387.88,18042.08,79322.26,4619.93,74702.33,50783.94,5534.13,56318.07,7389.75,16528.64,75.39
578,UTTARPRADESH,Amethi,29779.26,20034.79,891.89,29588.6,80294.55,5204.18,75090.37,43561.74,4437.78,47999.52,5194.13,26334.5,63.92
579,UTTARPRADESH,Amroha,30025.02,6680.28,2016.91,11091.14,49813.35,2776.32,47037.04,44832.01,4357.04,49189.05,5114.79,2671.09,104.58
580,UTTARPRADESH,Auraiya,32681.61,11385.11,1414.93,23369.73,68851.38,5566.88,63284.49,28326.2,3224.37,31550.57,3546.75,31411.54,49.86
581,UTTARPRADESH,Ayodhya,43945.3,16505.28,715.75,30284.05,91450.38,5150.42,86299.96,50701.6,6328.9,57030.5,7661.81,27936.56,66.08
582,UTTARPRADESH,Azamgarh,74575.42,22270.91,0,31798.42,128644.75,6934.91,121709.84,66875.61,12123.66,78999.27,14560.07,40274.16,64.91
583,UTTARPRADESH,Bagpat,16241.39,7858.98,1222.67,14685.75,40008.8,2235.25,37773.55,32572.1,2495.67,35067.77,3131.67,3767.36,92.84
584,UTTARPRADESH,Bahraich,80478.62,14509.37,3863.07,21937.47,120788.53,6343.65,114444.88,51267.29,8747.66,60014.95,10318.62,52858.97,52.44
585,UTTARPRADESH,Ballia,56154.46,12408.07,547.5,19042.18,88152.21,4729.25,83422.96,45675.11,7339.63,53014.74,8646.49,29101.36,63.55
586,UTTARPRADESH,Balrampur,59960.6,14533.09,6223.69,19507.38,100224.75,9685.95,90538.81,40778.51,5488.45,46266.96,6617.41,43142.89,51.1
587,UTTARPRADESH,Banda,48688.53,5720.51,519.79,8403.06,63331.9,3723.39,59608.51,36116.28,4037.47,40153.75,6187.92,17304.3,67.36
588,UTTARPRADESH,Barabanki,65704.92,37408.1,1657.39,73843.3,178613.71,13230.14,165383.56,101396.2,8130.32,109526.52,9530.21,54457.15,66.23
589,UTTARPRADESH,Bareilly,85842.96,16070.04,3116.14,30261.75,135290.89,7770.41,127520.48,71803.57,13565.18,85368.75,15900.71,43777.07,66.95
590,UTTARPRADESH,Basti,60193.08,5353.54,829.3,9014.97,75390.88,3769.54,71621.34,41045.45,5990.56,47036.01,6821.05,23754.84,65.67
591,UTTARPRADESH,Bijnor,86091.85,18620.56,6117.09,33226.83,144056.32,7705.56,136350.76,86514.45,7299.21,93813.66,8279,42652.39,68.8
592,UTTARPRADESH,Budaun,61235,5039.39,967.46,11959.1,79200.95,5245.54,73955.42,52041.7,7754.47,59796.17,9007.92,14540.14,80.85
593,UTTARPRADESH,Bulandshahar,48917.7,40862.05,2414.01,76782,168975.76,10663.29,158312.47,135089.69,6574.67,141664.36,8780,21867.06,89.48
594,UTTARPRADESH,Chandauli,32876.62,11624.68,0,14344.8,58846.1,5765.05,53081.05,22462.29,4283.15,26745.44,4856.29,25762.47,50.39
595,UTTARPRADESH,Chitrakoot,29037.47,3969.77,305.35,5832.29,39144.88,2492.1,36652.78,27475.14,2502.4,29977.54,3974.9,5202.74,81.79
596,UTTARPRADESH,Deoria,50234.5,10512.42,1529.91,14509.8,76786.62,4107.09,72679.53,39430.31,7668.38,47098.68,9055.26,24193.96,64.8
597,UTTARPRADESH,Etah,32988.78,9078.99,1477.22,17169.87,60714.87,3525.41,57189.46,41770.55,4283.97,46054.52,4814.22,10604.68,80.53
598,UTTARPRADESH,Etawah,40920.99,16268.42,985.43,29692.86,87867.7,8786.77,79080.93,27552.56,3215.51,30768.07,3679.42,47848.95,38.91
599,UTTARPRADESH,Farrukhabad,37290.7,5536.22,1221.68,10814.67,54863.27,4253.8,50609.47,34226.52,3809.61,38036.13,4410.24,11972.71,75.16
600,UTTARPRADESH,Fatehpur,92381.39,32131.29,3736.63,32809.47,161058.78,12554.02,148504.76,97567.5,6615.37,104182.87,7821.05,43823.48,70.15
601,UTTARPRADESH,Firozabad,38143.78,11166.01,4737.44,21617.06,75664.29,5033.31,70630.98,72524.96,6154.17,78679.13,7084.82,9227.1,111.39
602,UTTARPRADESH,G.B.Nagar,18927.78,16996.04,3062.92,26117.45,65104.18,4557.63,60546.55,62501.84,3893.42,66395.26,4455.13,1646.99,109.66
603,UTTARPRADESH,Ghaziabad,15248.13,9630.54,1078.71,15185.93,41143.3,4114.33,37028.97,35693.32,11837.44,47530.76,17469.88,1339.6,128.36
604,UTTARPRADESH,Ghazipur,65387.57,15562.32,959.92,16217.3,98127.11,6985.21,91141.91,50062,8272.48,58334.48,9550.87,31529.04,64
605,UTTARPRADESH,Gonda,61820.53,12589.33,2545.99,18645.26,95601.11,5270.7,90330.41,47157.64,8722.89,55880.53,10452.51,32720.27,61.86
606,UTTARPRADESH,Gorakhpur,85839.68,9482.4,2119.44,14705.26,112146.78,7430.63,104716.15,56120.27,10870.09,66990.36,12468.71,36127.16,63.97
607,UTTARPRADESH,Hamirpur,34762.18,4275.54,0,6166.73,45204.45,2260.22,42944.22,28369.07,2571.54,30940.61,3056.95,11518.21,72.05
608,UTTARPRADESH,Hapur,15797.11,10369.85,1372.92,20650.31,48190.18,2409.51,45780.67,45976.1,3165.06,49141.16,4189,1300.77,107.34
609,UTTARPRADESH,Hardoi,103582.92,28853.47,5035.7,47625.88,185097.97,13817.64,171280.33,95005.91,8745.11,103751.02,10082,66192.41,60.57
610,UTTARPRADESH,Hathras,25389.59,11542.18,579.04,21193.24,58704.04,3593.87,55110.17,52158.42,3773.39,55931.81,4236.67,6492.45,101.49
611,UTTARPRADESH,Jalaun,75624.25,11964.17,949.24,24573.13,113110.78,7027.97,106082.82,48282.6,4039.72,52322.32,5440.99,52359.23,49.32
612,UTTARPRADESH,Jaunpur,80060.78,25142.16,0,56046.01,161248.95,15679.17,145569.78,99366.93,12067.34,111434.27,14055.4,35310.72,76.55
613,UTTARPRADESH,Jhansi,47087.9,18944.73,0,23355,89387.63,4479.33,84908.3,39230.56,2926.59,42157.15,3462.67,42215.07,49.65
614,UTTARPRADESH,Kannauj,36390.39,10045.28,1667.91,22843.22,70946.8,5138.59,65808.21,39762.58,4021.25,43783.83,4637.87,26764.71,66.53
615,UTTARPRADESH,Kanpur Dehat,56928.14,14283.85,461.52,24834.55,96508.06,7425.01,89083.05,58668.52,3995.08,62663.6,4372.33,26042.2,70.34
616,UTTARPRADESH,Kanpur Nagar,48539.34,13425.34,2018.08,27006.71,90989.47,5973.91,85015.55,59126.97,8238.31,67365.28,8984.33,18108.75,79.24
617,UTTARPRADESH,Kasganj,30332.49,11877.15,1631.7,17712.82,61554.16,3077.71,58476.45,38406.88,3611.03,42017.91,4261.66,15807.9,71.85
618,UTTARPRADESH,Kaushambi,37628.32,8930.82,5491.85,12541.28,64592.28,5445.63,59146.64,38065.54,4033.64,42099.18,4891.06,16554.35,71.18
619,UTTARPRADESH,Kushi Nagar,69847.29,29979,2246.95,38474.33,140547.58,9438.99,131108.59,60855.26,16997.71,77852.97,20279.44,49973.88,59.38
620,UTTARPRADESH,Lakhimpur Kheri,139297.98,25337.79,22814.2,53109.61,240559.58,16632.83,223926.75,115738.38,10605.16,126343.54,13291.22,94897.16,56.42
621,UTTARPRADESH,Lalitpur,20245.42,4333.01,0,17547.65,42126.08,2106.3,40019.77,28703.37,2645.49,31348.86,5020.88,6295.53,78.33
622,UTTARPRADESH,Lucknow,35678.01,16942.95,1198.57,26052.81,79872.34,4296.48,75575.86,35690.03,13691.67,49381.7,16863.07,29458.24,65.34
623,UTTARPRADESH,Mahoba,10378.64,5221.63,0,7286.19,22886.46,1144.32,21742.14,17674.5,1409.29,19083.79,1916.53,2934.78,87.77
624,UTTARPRADESH,Mahrajganj,56512.35,19830.46,1979,23500.74,101822.55,5091.13,96731.42,53160.56,6069.7,59230.26,7219.85,36351.01,61.23
625,UTTARPRADESH,Mainpuri,37500.81,18600.7,1109.04,33584.54,90795.09,4539.75,86255.34,55983.23,4191.23,60174.46,4724.41,27738.59,69.76
626,UTTARPRADESH,Mathura,43531.96,25865.59,769.69,41557.73,111724.97,6572.33,105152.63,75651.09,5911.71,81562.8,6892.32,26381.65,77.57
627,UTTARPRADESH,Maunath Bhanjan,33104.83,7683.02,6223.69,11449.11,58460.65,5477.55,52983.09,27563.71,5657.89,33221.6,6881.18,18538.21,62.7
628,UTTARPRADESH,Meerut,39395.08,12913.37,2877.38,21237.38,76423.22,4494.87,71928.34,49980.17,10448.4,60428.57,11895.54,15185.07,84.01
629,UTTARPRADESH,Mirzapur,27948.05,11501.73,58.07,14951.43,54459.28,4403.71,50055.58,24703.63,6083.17,30786.8,7051.49,18300.46,61.51
630,UTTARPRADESH,Moradabad,40768.81,10703.75,1858.61,16881.3,70212.48,4595.32,65617.15,48160.81,10462.85,58623.66,14277.47,8496.81,89.34
631,UTTARPRADESH,Muzaffarnagar,42952.08,25623.77,3128.12,41464.84,113168.8,5658.44,107510.36,70542,6353.51,76895.51,7184.12,30817.63,71.52
632,UTTARPRADESH,Pilibhit,86262.48,16574.21,4326.6,26957.77,134121.06,7211.35,126909.71,57893.86,4952.6,62846.46,5642.25,63373.6,49.52
633,UTTARPRADESH,Pratapgarh,71211.58,30365.59,0,38369.33,139946.5,11253.06,128693.44,95709.82,7554.16,103263.98,8610.04,29417.57,80.24
634,UTTARPRADESH,Prayagraj,68331.06,37977.88,1666.59,47373.7,155349.22,9246.46,146102.76,86809.93,15266.54,102076.47,17557.6,43692.61,69.87
635,UTTARPRADESH,Raibareli,65473.62,20982.23,1502.33,31971.25,119929.44,7188.3,112741.13,60950.3,6415.82,67366.13,7568.83,44222,59.75
636,UTTARPRADESH,Rampur,43927.85,11981.93,1837.13,19183.34,76930.24,5555.05,71375.19,48930.24,4711.65,53641.89,5508.35,19063.37,75.15
637,UTTARPRADESH,Saharanpur,62214.78,23996.48,5802.52,36712.56,128726.34,8230.5,120495.84,137850.68,6727.41,144578.09,7637.3,6992.94,119.99
638,UTTARPRADESH,Sambhal,33845.47,3295.99,2039.1,5272.63,44453.19,2453.85,41999.33,33338.43,5121.15,38459.58,5989.36,3596.46,91.57
639,UTTARPRADESH,Sant Kabir Nagar,36822.68,3826.46,320.31,7634.51,48603.96,2430.2,46173.76,23768.03,7443.55,31211.58,11252.39,11153.35,67.6
640,UTTARPRADESH,Sant Ravidas Nagar,19703.47,7363.59,0,9621.43,36688.49,3442.83,33245.66,24716.29,3737.09,28453.38,4172.98,4356.39,85.59
641,UTTARPRADESH,Shahjahanpur,81647.73,14921.22,5091.85,25264.4,126925.2,6346.26,120578.94,65481.86,7660.66,73142.52,9201.28,45895.79,60.66
642,UTTARPRADESH,Shamli,19784.03,8115.55,1544.69,13071.07,42515.34,2125.77,40389.58,40899.32,3229.34,44128.66,3622.42,2146.67,109.26
643,UTTARPRADESH,Shrawasti,35364.72,5368.75,3827.78,8103.08,52664.33,4804.92,47859.41,24258.46,2860.64,27119.1,3461.23,20139.71,56.66
644,UTTARPRADESH,Siddharth Nagar,63433.13,10634.5,1352.15,16432.15,91851.94,4592.6,87259.34,47404.43,6559.72,53964.15,7920.2,31934.71,61.84
645,UTTARPRADESH,Sitapur,105889,36408.38,4825.94,63271.66,210394.98,13480.7,196914.28,107818.2,10106.98,117925.18,12058.26,77037.82,59.89
646,UTTARPRADESH,Sonbhadra,13555.99,6893.95,0,4101.13,24551.07,1353.88,23197.19,9190.83,3768.39,12959.22,4545.89,9460.48,55.87
647,UTTARPRADESH,Sultanpur,33267.92,37695.56,499.33,50863.87,122326.68,10468.13,111858.56,49392.88,5736.97,55129.85,6597.58,55868.1,49.29
648,UTTARPRADESH,Unnao,76364.2,40341.81,0,70428.46,187134.46,10440.71,176693.76,100951.63,7760.66,108712.29,9223.46,66518.66,61.53
649,UTTARPRADESH,Varanasi,32551.95,7722.67,342.17,13545.34,54162.12,5416.21,48745.91,38544.6,10075.51,48620.11,11156.49,5198.09,99.74
650,UTTARAKHAND,Dehradun,46898.4,4662.73,1655,3143.27,56359.4,2818,53541.4,7588.5,7155,14743.5,6731,38797.9,27.54
651,UTTARAKHAND,Haridwar,25973.2,31267.84,4735,38362.17,100338.21,5016,95322.21,49696.86,13602.8,63299.66,6828.76,32022.55,66.41
652,UTTARAKHAND,Nainital,5835,6026.36,288,3310.96,15460.32,773,14687.32,4820,3504.98,8324.98,3114.36,6362.34,56.68
653,UTTARAKHAND,Udham Singh Nagar,36321.8,51134.86,2339,42542.33,132337.99,6616.01,125721.98,68127.42,9886.9,78014.32,4929.28,47707.66,62.05
654,WEST BENGAL,Coochbehar,185334.09,5143.37,60379.13,12100.71,262957.3,26295.71,236661.59,42261.5,4447.27,46708.77,5988.25,188411.84,20
655,WEST BENGAL,Jalpaiguri,228086.62,3939.51,65301.46,12078.29,309405.88,30940.59,278465.29,8241.2,4395.75,12636.95,5908.97,264315.12,5
656,WEST BENGAL,Darjeeling,39186.21,0,13052.71,0,52238.92,5223.89,47015.03,1169.1,1478.05,2647.15,2012.74,43833.19,6
657,WEST BENGAL,Uttar Dinajpur,91467.43,7541.41,22166.67,24353.83,145529.34,12014.51,133514.83,78133.6,4811.27,82944.87,7569.33,47811.9,62
658,WEST BENGAL,Dakshin Dinajpur,65504.74,6432.72,17257.72,18756.55,107951.73,9115.64,98836.09,50706,2618.71,53324.71,3349.33,44780.76,54
659,WEST BENGAL,Malda,96263.27,9181.2,21992.81,23347.7,150784.98,14697.37,136087.61,59108.6,6392.43,65501.03,9828.37,67150.64,48
660,WEST BENGAL,Murshidabad,137803.88,19693.42,38349.83,53252.88,249100.01,23373.65,225726.36,186187,10286.71,196473.71,17323.82,22215.54,87
661,WEST BENGAL,Nadia,113617.65,18299.88,43916.37,47699.21,223533.1,18795.48,204737.62,179222.2,8117.25,187339.45,10601.16,14914.26,92
662,WEST BENGAL,North 24-Parganas,105327.29,8147.66,27207.49,25564.5,166246.93,16307.62,149939.31,84524.6,14404.77,98929.37,19035.91,46378.8,66
663,WEST BENGAL,Howrah,18922.39,1114.8,5987.95,6932.33,32957.47,3295.74,29661.73,4970,2356.32,7326.32,6038.57,18653.16,25
664,WEST BENGAL,Hooghly,87499.21,6344.07,24032.23,21148.49,139024,13902.41,125121.59,54601.8,7171.42,61773.22,10669.27,59850.52,49
665,WEST BENGAL,Burdwan,170643.19,13283.39,42504.98,35214.86,261646.42,24768.66,236877.76,94059.6,9608.01,103667.61,15762.29,127055.87,44
666,WEST BENGAL,Birbhum,83998.75,7628.72,20743.15,16112.27,128482.89,11908.95,116573.94,36191.8,3948.14,40139.94,7780.42,72601.72,34
667,WEST BENGAL,Bankura,98905.53,21562.59,24886.5,32647.44,178002.06,16232.96,161769.1,69980.27,4702.22,74682.48,7362.46,84426.38,46
668,WEST BENGAL,Purulia,53190.45,8011.53,14077.33,4806.45,80085.76,7361.68,72724.08,2232.8,4627.09,6859.89,6411.97,64079.31,9
669,WEST BENGAL,Purba Medinipore,53800.58,1957.01,15434.6,10220.33,81412.52,8141.26,73271.26,21562.4,3047.88,24610.28,4341.44,47367.42,34
670,WEST BENGAL,Paschim Medinipore,241691.73,12698.55,68840.05,40624.33,363854.66,34991.16,328863.5,110919.6,7943.15,118862.75,12907.78,205036.12,36
671,A&N ISLAND,North & Middle Andaman,9776.6,9.51,110.31,2.38,9898.8,989.88,8908.92,0.8,312.9,313.7,275.56,8549.52,3.52
672,A&N ISLAND,Nicobar,16851.09,0.65,1500.12,0.16,18352.03,1835.2,16516.83,0.44,109.08,109.52,96.15,16391.36,0.66
673,A&N ISLAND,South Andaman,8365.75,9.39,213.51,2.35,8591,859.1,7731.9,13.54,471.41,484.95,339.49,7190.64,6.27
674,CHANDIGARH,UT of Chandigarh,1631,687,488,1410,4216,422,3794,58,3320,3378,3320,416,89
675,Dadra & Nagar Haveli,Dadra & Nagar Haveli,5737.2,137.57,330,656.82,6861.59,343,6518.59,750.46,1292.4,2042.86,1292.4,4475.73,31.34
676,Daman,Daman,1172,38,0,94,1304,65,1239,402,233,635,322,480,51.25
677,Diu,Diu,412,20,0,39,471,47,424,327,59,386,82,6,91.04
678,LAKSHADWEEP,Agatti,93.3,0,16.9,0,110.2,73.4,36.8,0,27.1,27.1,27.1,9.7,73.64
679,LAKSHADWEEP,Amini,89.1,0,16.2,0,105.3,69.9,35.4,0,28.7,28.7,28.7,6.8,81.07
680,LAKSHADWEEP,Androth,166.5,0,30.2,0,196.7,131.9,64.8,0,41.9,41.9,41.9,22.9,64.66
681,LAKSHADWEEP,Chetlat,35.8,0,6.5,0,42.3,28.2,14.1,0,8.7,8.7,8.7,5.4,61.7
682,LAKSHADWEEP,Kadmat,107.3,0,19.5,0,126.8,84.5,42.3,0,19.8,19.8,19.8,22.6,46.81
683,LAKSHADWEEP,Kalpeni,78.5,0,14.2,0,92.7,61.8,30.9,0,16.4,16.4,16.4,14.5,53.07
684,LAKSHADWEEP,Kiltan,56.1,0,10.2,0,66.3,43.8,22.5,0,15.1,15.1,15.1,7.4,67.11
685,LAKSHADWEEP,Kavaratti,124.9,0,22.7,0,147.6,97.3,50.3,0,41.8,41.8,41.8,8.5,83.1
686,LAKSHADWEEP,Minicoy,157.6,0,27.3,0,184.9,121.2,63.7,0,38.6,38.6,38.6,25.01,60.6
687,Puducherry,Puducherry,7035,2738.37,1775.58,3671.63,15220.58,1522.06,13698.52,10338,3632.5,13970.5,3652,0,101.99
688,Puducherry,Karaikal,1973.73,4080.47,209.22,880.62,7144.04,714.4,6429.64,616.65,387.67,1004.32,404.52,5408.47,15.62
689,Puducherry,Mahe,245.45,0,23.11,0,268.56,26.85,241.71,0,166,166,176.34,65.37,68.68
